date,dollar_volume_b,top3_share_pct,rise_pct,vix
2022-09-19,124.61278107679115,69.16593962517955,,25.760000228881836
2022-09-20,129.8912028302764,70.84084788434275,8.0,27.15999984741211
2022-09-21,140.74624124362782,70.02478099872684,5.0,27.989999771118164
2022-09-22,142.14675565109434,69.63069575343546,28.000000000000004,27.350000381469727
2022-09-23,148.67937210729718,65.33224135701185,7.000000000000001,29.920000076293945
2022-09-26,135.14382645101531,64.91517534032639,10.0,32.2599983215332
2022-09-27,132.77514813283088,66.50092740165526,40.0,32.599998474121094
2022-09-28,151.09497897784252,66.52198192528344,95.0,30.18000030517578
2022-09-29,144.7216411283329,71.34723622164697,3.0,31.84000015258789
2022-09-30,150.7204179752605,66.96262814676979,2.0,31.6200008392334
2022-10-03,143.77296958370212,67.81614695288991,96.0,30.100000381469727
2022-10-04,153.39374935733954,68.86526290162254,100.0,29.06999969482422
2022-10-05,123.93197845411267,68.23995864281717,40.0,28.549999237060547
2022-10-06,120.6359007655206,66.80404914782324,17.0,30.520000457763672
2022-10-07,137.0865952800077,68.5755110067877,5.0,31.360000610351562
2022-10-10,114.25825674196018,68.8542149153059,33.0,32.45000076293945
2022-10-11,131.53645254815754,66.34027104597871,41.0,33.630001068115234
2022-10-12,109.55991926081495,65.88812196636943,46.0,33.56999969482422
2022-10-13,167.1507669052259,67.62941365585968,97.0,31.940000534057617
2022-10-14,136.95885707180003,67.17950339483181,12.0,32.02000045776367
2022-10-17,137.79803426087847,65.758134363065,96.0,31.3700008392334
2022-10-18,141.19358285739239,66.31071533704707,84.0,30.5
2022-10-19,126.23419881366824,66.54155675254138,30.0,30.760000228881836
2022-10-20,135.43524019077879,67.83726697056271,28.000000000000004,29.979999542236328
2022-10-21,151.3654425403529,64.26024026700254,94.0,29.690000534057617
2022-10-24,141.06740674361927,67.07182922025196,88.0,29.850000381469727
2022-10-25,145.82902283271753,66.50352284672854,87.0,28.459999084472656
2022-10-26,177.30755132483281,70.01320413802193,65.0,27.280000686645508
2022-10-27,174.23654442844068,71.34969820497624,52.0,27.389999389648438
2022-10-28,184.51924473766914,70.52891830319538,94.0,25.75
2022-10-31,151.17155556376062,64.1706421493591,21.0,25.8799991607666
2022-11-01,146.10817800755513,67.41445274871461,54.0,25.809999465942383
2022-11-02,159.62073904616943,66.13553790288786,8.0,25.860000610351562
2022-11-03,144.83757182471356,67.26279049196465,38.0,25.299999237060547
2022-11-04,166.45285405698002,69.05874997540667,88.0,24.549999237060547
2022-11-07,132.77429241718693,67.04578960688265,84.0,24.350000381469727
2022-11-08,145.95182592270675,67.91891115833626,82.0,25.540000915527344
2022-11-09,140.03524866183722,69.28710663221479,6.0,26.09000015258789
2022-11-10,202.37156199359157,70.00764420552389,97.0,23.530000686645508
2022-11-11,181.3749939591885,64.82964382754979,70.0,22.520000457763672
2022-11-14,154.88328985393878,66.2899551539166,27.0,23.729999542236328
2022-11-15,168.4628994632168,66.06451802673054,78.0,24.540000915527344
2022-11-16,133.9143065028457,67.2830808096729,28.000000000000004,24.110000610351562
2022-11-17,128.43323163395277,68.6714337893974,44.0,23.93000030517578
2022-11-18,126.00398319739539,65.33424951691215,69.0,23.1200008392334
2022-11-21,122.28682793514439,66.30050415361485,56.00000000000001,22.360000610351562
2022-11-22,114.25649568214948,64.54675337756048,89.0,21.290000915527344
2022-11-23,111.0380149889358,68.83143289568083,76.0,20.350000381469727
2022-11-25,55.68649112684866,67.47700591574608,67.0,20.5
2022-11-28,120.15415555077243,63.32183711368544,13.0,22.209999084472656
2022-11-29,109.4401384218299,64.0617960771791,50.0,21.889999389648438
2022-11-30,216.752553484715,62.74474203969731,97.0,20.579999923706055
2022-12-01,140.51056394932286,64.59454022583982,50.0,19.84000015258789
2022-12-02,122.91800113634268,64.79579325836625,48.0,19.059999465942383
2022-12-05,130.04991847404415,63.071694474323145,4.0,20.75
2022-12-06,128.69478583884015,61.9264065008643,17.0,22.170000076293945
2022-12-07,120.16427417688061,62.13541216024624,45.0,22.68000030517578
2022-12-08,120.61454415676363,67.05835910371206,71.0,22.290000915527344
2022-12-09,124.5739287061973,66.46677734697127,25.0,22.829999923706055
2022-12-12,132.57888217441285,66.00788919533707,95.0,25.0
2022-12-13,186.8450263060199,67.24711029189658,71.0,22.549999237060547
2022-12-14,150.35537535361277,66.12129107072319,32.0,21.139999389648438
2022-12-15,152.37007012384154,66.73727588379327,1.0,22.829999923706055
2022-12-16,263.79580031297894,59.92112221148781,19.0,22.6200008392334
2022-12-19,125.91447600101718,68.14851135741222,24.0,22.420000076293945
2022-12-20,122.85962541453769,68.23498961854,53.0,21.479999542236328
2022-12-21,120.05680503037094,66.76178270893226,93.0,20.06999969482422
2022-12-22,133.8437357687513,71.18355656961539,17.0,21.969999313354492
2022-12-23,92.41785868760716,71.52923296685567,86.0,20.8700008392334
2022-12-27,98.72788013998152,71.16835673875872,57.99999999999999,21.649999618530273
2022-12-28,98.36299900631084,72.57805273077044,8.0,22.139999389648438
2022-12-29,102.61867179299283,74.87720856526076,98.0,21.440000534057617
2022-12-30,98.97184355017554,70.34585858167402,38.0,21.670000076293945
2023-01-03,133.66054775775768,67.73690813427655,62.0,22.899999618530273
2023-01-04,141.2435429135701,65.32113698046285,79.0,22.010000228881836
2023-01-05,121.95953930945178,64.9802265975944,21.0,22.459999084472656
2023-01-06,150.27607562824198,65.22753698744232,97.0,21.1299991607666
2023-01-09,139.84901580826883,64.15900838517936,49.0,21.969999313354492
2023-01-10,121.73361103098283,64.42534455063023,76.0,20.579999923706055
2023-01-11,133.60616515221713,65.4481804384383,77.0,21.09000015258789
2023-01-12,136.04272449453455,67.24819526301835,56.99999999999999,18.829999923706055
2023-01-13,131.72554409520126,66.86061782678175,63.0,18.350000381469727
2023-01-17,150.1386427990857,65.14103859306346,30.0,19.360000610351562
2023-01-18,142.09078949703382,65.1206609250224,2.0,20.34000015258789
2023-01-19,139.18178142973474,63.72751184919435,26.0,20.520000457763672
2023-01-20,165.17686462126593,64.16867131198427,88.0,19.850000381469727
2023-01-23,165.50534155524213,70.20923137752527,72.0,19.809999465942383
2023-01-24,137.36984521660887,67.74366204090695,51.0,19.200000762939453
2023-01-25,156.63802010616487,68.89112162046882,57.99999999999999,19.079999923706055
2023-01-26,156.8321581711127,69.75045278506337,68.0,18.729999542236328
2023-01-27,184.20617894173392,72.90162514433028,50.0,18.510000228881836
2023-01-30,155.0468965758647,68.07590144618581,25.0,19.940000534057617
2023-01-31,167.73902401727153,64.89098182712348,91.0,19.399999618530273
2023-02-01,190.72286535035067,71.077886020275,69.0,17.8700008392334
2023-02-02,251.18557896577778,72.37041256161933,56.99999999999999,18.729999542236328
2023-02-03,210.3895921847016,75.02771041084412,33.0,18.329999923706055
2023-02-06,150.4891987703846,72.2162080754797,36.0,19.43000030517578
2023-02-07,183.34623466658616,74.3156202335545,68.0,18.65999984741211
2023-02-08,174.2201569794931,75.51708628659983,20.0,19.6299991607666
2023-02-09,186.23418692346516,75.10633858533133,22.0,20.709999084472656
2023-02-10,159.8634690883736,71.26684274998894,68.0,20.530000686645508
2023-02-13,149.19830839639857,73.11060507597801,90.0,20.34000015258789
2023-02-14,163.52412853409254,75.61673217524695,33.0,18.90999984741211
2023-02-15,143.4704332647342,73.4722779928747,56.99999999999999,18.229999542236328
2023-02-16,157.0021832503637,74.77853418572484,8.0,20.170000076293945
2023-02-17,161.08111673752265,69.79492447302405,51.0,20.020000457763672
2023-02-21,153.072269318216,68.80479223897841,8.0,22.8700008392334
2023-02-22,144.64502992375628,70.54935893174708,41.0,22.290000915527344
2023-02-23,154.83537930705816,74.82707423619202,55.00000000000001,21.139999389648438
2023-02-24,141.4327032527633,69.02939803474844,24.0,21.670000076293945
2023-02-27,132.55163354946666,69.263231214859,52.0,20.950000762939453
2023-02-28,149.77081266840912,66.57344763486037,36.0,20.700000762939453
2023-03-01,139.4831768359953,70.74666714528657,33.0,20.579999923706055
2023-03-02,142.85954747117287,71.62736338057833,77.0,19.59000015258789
2023-03-03,150.0309526913735,70.9262707946566,91.0,18.489999771118164
2023-03-06,140.31313866371738,68.7476366034501,49.0,18.610000610351562
2023-03-07,138.90535881964757,68.81871525278501,3.0,19.59000015258789
2023-03-08,124.73720635971745,70.94946401564147,55.00000000000001,19.110000610351562
2023-03-09,150.8298650092693,70.13708121711473,4.0,22.610000610351562
2023-03-10,177.24067228235344,70.7467510489449,20.0,24.799999237060547
2023-03-13,186.5785840617695,69.66496082639874,50.0,26.520000457763672
2023-03-14,177.9113217458733,67.40385733050533,84.0,23.729999542236328
2023-03-15,194.85664123061,65.79106308139055,44.0,26.139999389648438
2023-03-16,200.68418582917042,67.40016040079925,84.0,22.989999771118164
2023-03-17,296.5011953838462,60.675288905056014,17.0,25.510000228881836
2023-03-20,163.14831652680533,69.4263808124394,80.0,24.149999618530273
2023-03-21,171.63864528325274,70.00979476475077,71.0,21.3799991607666
2023-03-22,168.10446049831674,73.62054347097843,3.0,22.260000228881836
2023-03-23,168.34807708968933,70.97247673435874,48.0,22.610000610351562
2023-03-24,145.4654084751975,68.16483962923205,67.0,21.739999771118164
2023-03-27,134.5373207774082,68.40879380002227,66.0,20.600000381469727
2023-03-28,113.11853061537253,68.0873253345412,48.0,19.969999313354492
2023-03-29,131.53760883406116,69.48896629944915,92.0,19.1200008392334
2023-03-30,128.0945259313194,69.66168460128719,69.0,19.020000457763672
2023-03-31,165.6130276106336,69.92742852660886,93.0,18.700000762939453
2023-04-03,147.16996404217892,67.56038498966757,66.0,18.549999237060547
2023-04-04,130.3211287513524,66.96929404582717,28.000000000000004,19.0
2023-04-05,140.25628275439723,65.6421902850035,48.0,19.079999923706055
2023-04-06,133.72672800519456,68.09185717595632,55.00000000000001,18.399999618530273
2023-04-10,120.14069035908804,70.62348788410227,54.0,18.969999313354492
2023-04-11,121.78902926436264,68.1318073128304,56.00000000000001,19.100000381469727
2023-04-12,133.10207885656106,69.74792525711293,38.0,19.09000015258789
2023-04-13,132.2665751474646,68.008367553231,84.0,17.799999237060547
2023-04-14,128.56788406952856,66.66574259213334,38.0,17.06999969482422
2023-04-17,124.73209521554823,66.33741194924154,75.0,16.950000762939453
2023-04-18,132.80783436409203,65.44065743062843,52.0,16.829999923706055
2023-04-19,127.34176069421466,67.74788376985028,54.0,16.459999084472656
2023-04-20,148.4963074213349,70.2990453745777,31.0,17.170000076293945
2023-04-21,134.78971201486425,64.66383944311276,56.00000000000001,16.770000457763672
2023-04-24,121.58154680514734,68.51694591843707,61.0,16.889999389648438
2023-04-25,143.30114243738794,67.38312588114492,17.0,18.760000228881836
2023-04-26,159.3820360747319,70.43559346344658,17.0,18.84000015258789
2023-04-27,174.52446671183833,72.040254703826,92.0,17.030000686645508
2023-04-28,157.73238938746607,68.11618625356337,81.0,15.779999732971191
2023-05-01,133.5486218100099,69.44540939125736,51.0,16.079999923706055
2023-05-02,142.65584652945574,66.28708681774596,15.0,17.780000686645508
2023-05-03,145.88678925501347,68.13330370406547,22.0,18.34000015258789
2023-05-04,139.99861666579724,69.28207239143708,27.0,20.09000015258789
2023-05-05,143.69601237806862,72.24192239084228,93.0,17.190000534057617
2023-05-08,120.42412333794412,72.05325369962023,42.0,16.979999542236328
2023-05-09,116.55961992787013,67.38988808724568,34.0,17.709999084472656
2023-05-10,144.13305952991504,73.2329981501478,47.0,16.940000534057617
2023-05-11,141.43181070594733,73.75364834140709,35.0,16.93000030517578
2023-05-12,126.35961649399661,71.71711112186104,42.0,17.030000686645508
2023-05-15,113.41520733930835,70.05043344255509,56.99999999999999,17.1200008392334
2023-05-16,134.31884633084871,72.61991386123066,17.0,17.989999771118164
2023-05-17,149.5639151773867,70.11822531501335,77.0,16.8700008392334
2023-05-18,168.98305596780767,73.581197263084,64.0,16.049999237060547
2023-05-19,156.9499594714292,70.61681544417743,44.0,16.809999465942383
2023-05-22,145.46524033894804,71.37194252769757,48.0,17.209999084472656
2023-05-23,159.20150050077663,70.19577128821332,26.0,18.530000686645508
2023-05-24,154.47965765252326,73.78853563972638,18.0,20.030000686645508
2023-05-25,215.83757134587836,78.69644210009771,46.0,19.139999389648438
2023-05-26,200.872159832651,78.85628739008767,68.0,17.950000762939453
2023-05-30,201.5184855211204,78.66451137536073,39.0,17.459999084472656
2023-05-31,278.13178507676133,69.45106465017595,40.0,17.940000534057617
2023-06-01,186.80042669025954,75.32879088812659,77.0,15.649999618530273
2023-06-02,184.29034774460416,72.9934910455979,90.0,14.600000381469727
2023-06-05,165.21718110355653,77.78444615961932,41.0,14.729999542236328
2023-06-06,157.07303822192821,74.49260763038129,55.00000000000001,13.960000038146973
2023-06-07,203.01285954314915,76.39735973203246,63.0,13.9399995803833
2023-06-08,162.86198768169498,75.70578816706552,55.00000000000001,13.649999618530273
2023-06-09,171.88625641971979,79.55467729194571,51.0,13.829999923706055
2023-06-12,173.0225363505647,77.0420356238201,59.0,15.010000228881836
2023-06-13,194.2210963669074,78.45559966478581,74.0,14.609999656677246
2023-06-14,213.71844215825223,75.87053479109031,44.0,13.880000114440918
2023-06-15,208.74062651405788,76.76037339873338,92.0,14.5
2023-06-16,295.95909000214834,70.10627554262675,42.0,13.539999961853027
2023-06-20,189.16752632533587,73.2849586541633,19.0,13.880000114440918
2023-06-21,195.50232056070675,77.54763179902685,40.0,13.199999809265137
2023-06-22,172.47472453548838,77.417670793218,42.0,12.90999984741211
2023-06-23,216.906926721036,71.58475329838127,18.0,13.4399995803833
2023-06-26,174.56053681102392,77.21214608803187,52.0,14.25
2023-06-27,170.96360489171678,75.87850575946274,72.0,13.739999771118164
2023-06-28,169.41913442594216,76.41951937198235,42.0,13.430000305175781
2023-06-29,148.25682600379912,72.60522536024763,71.0,13.539999961853027
2023-06-30,180.15676624474457,71.86860938377592,88.0,13.59000015258789
2023-07-03,102.09172558609082,76.57239381671532,71.0,13.569999694824219
2023-07-05,156.65114548451845,72.63082576749963,46.0,14.180000305175781
2023-07-06,158.63044855727335,73.07852304604472,9.0,15.4399995803833
2023-07-07,147.37343914856135,70.61724219585007,35.0,14.829999923706055
2023-07-10,164.0440303660197,76.5220652879403,75.0,15.069999694824219
2023-07-11,143.55407678377264,71.74949826367366,81.0,14.84000015258789
2023-07-12,173.24893699731393,73.52586626775471,73.0,13.539999961853027
2023-07-13,169.70970965153808,73.70814229292864,73.0,13.609999656677246
2023-07-14,188.77782874835623,74.80530731967639,38.0,13.34000015258789
2023-07-17,175.56677549277762,76.38961583528224,48.0,13.479999542236328
2023-07-18,203.28590932573218,72.98642198401816,65.0,13.300000190734863
2023-07-19,204.1887823871548,76.2485329577008,66.0,13.760000228881836
2023-07-20,209.280978129998,76.44392830457221,65.0,13.989999771118164
2023-07-21,291.66886434897674,78.64124824361494,59.0,13.600000381469727
2023-07-24,166.27551376549442,71.63615812769257,72.0,13.90999984741211
2023-07-25,168.8369745245289,69.1085232000995,47.0,13.859999656677246
2023-07-26,192.25092413800093,70.71037779413012,56.00000000000001,13.1899995803833
2023-07-27,197.8520576018224,72.28088578755214,35.0,14.40999984741211
2023-07-28,172.78597619818908,73.39270093143116,67.0,13.329999923706055
2023-07-31,154.94597826407679,67.0735397807311,61.0,13.630000114440918
2023-08-01,141.9003549288865,69.09100844497844,30.0,13.930000305175781
2023-08-02,179.60638889617746,73.65864203461904,26.0,16.09000015258789
2023-08-03,157.27933683234028,71.66031647613494,38.0,15.920000076293945
2023-08-04,180.7431515979021,75.837166458411,25.0,17.100000381469727
2023-08-07,154.0429579483994,73.29843729082243,90.0,15.770000457763672
2023-08-08,155.70057914631494,70.66871212646129,27.0,15.989999771118164
2023-08-09,159.657538232831,71.49215653487734,36.0,15.960000038146973
2023-08-10,158.44555375501668,72.05110781146603,51.0,15.850000381469727
2023-08-11,141.9596776891563,73.7478311420494,56.99999999999999,14.84000015258789
2023-08-14,158.0336157585143,74.11810131034795,51.0,14.819999694824219
2023-08-15,155.99011912497747,73.50847754777352,8.0,16.459999084472656
2023-08-16,156.41660974088776,72.7503546477058,16.0,16.780000686645508
2023-08-17,171.19276713421928,69.60576327734118,30.0,17.889999389648438
2023-08-18,172.42504865345327,72.34269617703507,55.00000000000001,17.299999237060547
2023-08-21,182.66145444448952,76.95142600387508,46.0,17.1299991607666
2023-08-22,156.19713235703716,75.41289954701362,30.0,16.969999313354492
2023-08-23,178.8443727974904,75.74581137696144,79.0,15.979999542236328
2023-08-24,192.593710660213,77.46765813676441,14.000000000000002,17.200000762939453
2023-08-25,167.8947397170421,79.04690671543715,83.0,15.680000305175781
2023-08-28,137.27402390002044,77.46389135360138,81.0,15.079999923706055
2023-08-29,169.4655211877956,78.93083714377089,87.0,14.449999809265137
2023-08-30,160.48133165971822,79.06838453868245,59.0,13.880000114440918
2023-08-31,179.28201386886423,74.0516760968606,33.0,13.569999694824219
2023-09-01,149.83298874623367,76.57825758995446,66.0,13.09000015258789
2023-09-05,153.7671959384279,73.29447092474491,25.0,14.010000228881836
2023-09-06,155.84560093851766,73.87385090602899,33.0,14.449999809265137
2023-09-07,167.350633204838,76.12405664793627,45.0,14.399999618530273
2023-09-08,148.5002825517327,74.5073775100907,60.0,13.84000015258789
2023-09-11,173.89185639354355,77.10065385202627,70.0,13.800000190734863
2023-09-12,161.78087862455328,75.41953987951602,46.0,14.229999542236328
2023-09-13,160.3499921131703,73.41803103962526,55.00000000000001,13.479999542236328
2023-09-14,165.1155854038207,71.63364695298918,83.0,12.819999694824219
2023-09-15,275.2597596452957,66.5620391748224,15.0,13.789999961853027
2023-09-18,143.18903586180795,74.97935867698679,43.0,14.0
2023-09-19,139.31312813386555,73.64016533368799,36.0,14.109999656677246
2023-09-20,146.10855307892288,75.26405579974845,26.0,15.140000343322754
2023-09-21,171.69344618622085,73.86605266712876,7.000000000000001,17.540000915527344
2023-09-22,154.70327121175023,74.11699760501087,27.0,17.200000762939453
2023-09-25,129.25939290461875,74.20999244633907,61.0,16.899999618530273
2023-09-26,146.24297162842353,73.30130140763679,8.0,18.940000534057617
2023-09-27,164.1352540010015,72.62019751889838,40.0,18.219999313354492
2023-09-28,151.44018102993766,72.81456888810361,68.0,17.34000015258789
2023-09-29,162.0886284239329,72.60980171843379,34.0,17.520000457763672
2023-10-02,150.8884610096745,70.74613420619619,33.0,17.610000610351562
2023-10-03,151.14946370360667,70.44101637740297,20.0,19.780000686645508
2023-10-04,150.45524201200604,72.15276516308317,68.0,18.579999923706055
2023-10-05,144.131164421802,71.20544583236756,39.0,18.489999771118164
2023-10-06,170.52881863871235,70.22510985373118,84.0,17.450000762939453
2023-10-09,137.20630601646502,70.1650467124123,72.0,17.700000762939453
2023-10-10,152.57744834953553,70.90443514988841,72.0,17.030000686645508
2023-10-11,151.64166359036622,68.70655644718501,50.0,16.09000015258789
2023-10-12,163.6963508157646,72.90731591649764,25.0,16.690000534057617
2023-10-13,159.473898960194,68.0592501494208,39.0,19.31999969482422
2023-10-16,143.16812078071302,68.23167874554406,88.0,17.209999084472656
2023-10-17,167.95955593956302,71.39719483079772,63.0,17.8799991607666
2023-10-18,168.00302797163513,70.32751633994341,18.0,19.219999313354492
2023-10-19,185.77953230318118,74.1656522970848,22.0,21.399999618530273
2023-10-20,174.88240030384046,71.09127718289709,18.0,21.709999084472656
2023-10-23,160.00471365530456,72.11207186580639,33.0,20.3700008392334
2023-10-24,156.66394142863243,70.3927501624506,69.0,18.969999313354492
2023-10-25,188.5785280516466,73.04744249272775,30.0,20.190000534057617
2023-10-26,199.28344628077645,72.68894889247292,32.0,20.68000030517578
2023-10-27,174.2132036210177,69.8519903612877,24.0,21.270000457763672
2023-10-30,158.66475183633608,70.2683498121144,93.0,19.75
2023-10-31,159.03358622447672,67.10467399381463,81.0,18.139999389648438
2023-11-01,172.2453050330504,71.96684272406362,66.0,16.8700008392334
2023-11-02,174.68999617360055,69.98344434639166,93.0,15.65999984741211
2023-11-03,166.05540372366545,70.2235119715453,77.0,14.90999984741211
2023-11-06,147.498617087529,70.91805920401588,40.0,14.890000343322754
2023-11-07,150.63676136908398,72.88836312811878,42.0,14.8100004196167
2023-11-08,145.36186574224283,69.99173973956809,45.0,14.449999809265137
2023-11-09,167.1963343164627,73.6971639913311,15.0,15.289999961853027
2023-11-10,167.12615192064902,75.21057128356603,90.0,14.170000076293945
2023-11-13,145.82703115313572,72.43377682240161,40.0,14.760000228881836
2023-11-14,187.62426251278475,71.77332221124803,89.0,14.15999984741211
2023-11-15,188.1251621926984,72.53902109004883,63.0,14.180000305175781
2023-11-16,174.72678625361885,71.19051059281439,52.0,14.319999694824219
2023-11-17,165.5796098819669,73.27309988177988,57.99999999999999,13.800000190734863
2023-11-20,170.2830732913426,73.1342708054094,69.0,13.40999984741211
2023-11-21,165.212865033398,75.20264996697047,41.0,13.350000381469727
2023-11-22,166.98182927414678,77.74405930119046,70.0,12.850000381469727
2023-11-24,76.55803822801946,76.8700715083009,81.0,12.460000038146973
2023-11-27,155.35730054033294,73.29909170249995,30.0,12.6899995803833
2023-11-28,154.35061495436463,73.4264134781746,59.0,12.6899995803833
2023-11-29,166.04023078502442,72.75800462513803,54.0,12.979999542236328
2023-11-30,218.70214371627964,68.27837350567056,73.0,12.920000076293945
2023-12-01,170.94229083544963,69.78646678582602,79.0,12.630000114440918
2023-12-04,167.62798904136622,71.43446520057867,49.0,13.079999923706055
2023-12-05,167.6249035671898,72.60746135737406,35.0,12.850000381469727
2023-12-06,158.1313074474829,68.57648210258375,46.0,12.970000267028809
2023-12-07,173.53890874542842,73.12294121238097,64.0,13.0600004196167
2023-12-08,162.44884557211356,72.40871285621499,62.0,12.350000381469727
2023-12-11,194.54035329367255,73.96655819495913,72.0,12.630000114440918
2023-12-12,181.0650124690086,73.09710703335797,63.0,12.069999694824219
2023-12-13,214.48910155922562,70.69221192186754,91.0,12.1899995803833
2023-12-14,256.2238930544978,69.26464527378093,56.99999999999999,12.479999542236328
2023-12-15,366.41737456647945,64.46189852137859,40.0,12.279999732971191
2023-12-18,187.0990373438856,70.6929948273394,60.0,12.5600004196167
2023-12-19,175.07159894545416,69.0858173208076,78.0,12.529999732971191
2023-12-20,188.34563050737,69.15774913543315,5.0,13.670000076293945
2023-12-21,151.09163853231726,71.49024932426141,93.0,13.649999618530273
2023-12-22,128.39865667921887,72.2191471255713,73.0,13.029999732971191
2023-12-26,109.282799581662,74.17960888495844,79.0,12.989999771118164
2023-12-27,129.02483867365618,74.25440302663648,66.0,12.430000305175781
2023-12-28,123.45114629547204,74.43499721561106,69.0,12.470000267028809
2023-12-29,141.6492095961634,75.52828092554502,31.0,12.449999809265137
2024-01-02,181.74816237787172,70.32771436189937,57.99999999999999,13.199999809265137
2024-01-03,172.12250665968932,68.57629351486739,27.0,14.039999961853027
2024-01-04,164.41574817632215,69.10508605218449,47.0,14.130000114440918
2024-01-05,153.2560935522016,71.04519245952534,61.0,13.350000381469727
2024-01-08,185.7765473296129,69.00880003837709,83.0,13.079999923706055
2024-01-09,181.34553053594817,71.4834205099746,35.0,12.760000228881836
2024-01-10,165.33923349148242,72.5530244967598,54.0,12.6899995803833
2024-01-11,180.83799455592347,73.3817435710683,38.0,12.4399995803833
2024-01-12,160.89864793291017,68.4402890720864,53.0,12.699999809265137
2024-01-16,195.95294389742799,70.11540820588715,24.0,13.84000015258789
2024-01-17,173.38680838934042,70.70857040653257,22.0,14.789999961853027
2024-01-18,197.3486821510484,72.51687485418331,65.0,14.130000114440918
2024-01-19,227.2004918501998,73.70300002209628,81.0,13.300000190734863
2024-01-22,206.4086352564598,71.85651039442713,61.0,13.1899995803833
2024-01-23,171.6197652733409,69.05303122531404,65.0,12.550000190734863
2024-01-24,224.40526622017197,75.42489060830943,39.0,13.140000343322754
2024-01-25,235.40947180567835,72.2742243474378,79.0,13.449999809265137
2024-01-26,189.4149568413544,71.21947000368905,55.00000000000001,13.260000228881836
2024-01-29,185.6326293451661,72.19716629688212,70.0,13.600000381469727
2024-01-30,205.5877651964907,70.87886816068477,56.99999999999999,13.3100004196167
2024-01-31,235.9222584243736,70.51811364383121,17.0,14.350000381469727
2024-02-01,201.03612507272535,70.94236249321857,76.0,13.880000114440918
2024-02-02,257.706717868876,78.61726943260979,46.0,13.850000381469727
2024-02-05,230.6883570722275,75.2143846567908,22.0,13.670000076293945
2024-02-06,202.02025599953387,73.931441359178,64.0,13.0600004196167
2024-02-07,195.22656154460913,72.29233736546641,71.0,12.829999923706055
2024-02-08,177.52575205924592,70.0045940534135,41.0,12.789999961853027
2024-02-09,177.5876254455886,73.08027638952635,53.0,12.930000305175781
2024-02-12,185.37995717027124,75.45071140420121,63.0,13.930000305175781
2024-02-13,200.11722167810257,73.53795378109142,9.0,15.850000381469727
2024-02-14,175.52049231355988,73.40722099103648,73.0,14.380000114440918
2024-02-15,193.71387137203342,73.80014847648384,76.0,14.010000228881836
2024-02-16,194.9745698927249,73.5545335578001,33.0,14.239999771118164
2024-02-20,209.96948600024598,72.446926422299,42.0,15.420000076293945
2024-02-21,179.56846565946324,74.21209275678174,67.0,15.34000015258789
2024-02-22,236.72223075537863,78.62615863605087,72.0,14.539999961853027
2024-02-23,204.39041594674862,77.89855908914784,73.0,13.75
2024-02-26,179.79324066000322,75.75269904442547,27.0,13.739999771118164
2024-02-27,161.0519540107953,73.21304344548074,61.0,13.430000305175781
2024-02-28,160.4001180797789,71.35666033091191,56.99999999999999,13.84000015258789
2024-02-29,252.1619641984548,73.00220639927231,52.0,13.399999618530273
2024-03-01,202.44902873077228,74.97244068376341,57.99999999999999,13.109999656677246
2024-03-04,233.28231275603852,75.65383588645798,56.99999999999999,13.489999771118164
2024-03-05,222.86680767547668,75.0609961522099,40.0,14.460000038146973
2024-03-06,216.63391061610494,74.66282073934359,67.0,14.5
2024-03-07,219.37693174278652,75.55431322533875,65.0,14.4399995803833
2024-03-08,273.78027257907286,79.91845778133137,50.0,14.739999771118164
2024-03-11,203.91038240679,75.99834472548709,66.0,15.220000267028809
2024-03-12,216.8110389278916,76.03330631440927,63.0,13.84000015258789
2024-03-13,205.3901281785382,74.7899607876621,55.00000000000001,13.75
2024-03-14,231.28769840803076,75.10110238769106,28.999999999999996,14.399999618530273
2024-03-15,377.3643343634363,64.10836192810638,32.0,14.40999984741211
2024-03-18,223.08756752190996,75.79095255168947,67.0,14.329999923706055
2024-03-19,201.48481884610797,74.82054215263045,80.0,13.819999694824219
2024-03-20,189.48238832680258,73.15292028036401,82.0,13.039999961853027
2024-03-21,211.93787315227794,74.19469882394692,57.99999999999999,12.920000076293945
2024-03-22,193.05761466223404,75.08691464685967,28.000000000000004,13.0600004196167
2024-03-25,183.15045164078762,74.35603555919714,38.0,13.1899995803833
2024-03-26,188.5959503172576,73.85312941147862,50.0,13.239999771118164
2024-03-27,190.12359579035643,73.40841266667698,88.0,12.779999732971191
2024-03-28,187.4804789170493,71.62600907173484,71.0,13.010000228881836
2024-04-01,166.54815383194972,74.25279213958379,28.000000000000004,13.649999618530273
2024-04-02,185.1066760109466,70.07298098393593,21.0,14.609999656677246
2024-04-03,169.8148822490245,70.06147140376379,44.0,14.329999923706055
2024-04-04,204.01635865325872,74.13307361798688,15.0,16.350000381469727
2024-04-05,181.78690904449755,75.14200234518769,76.0,16.030000686645508
2024-04-08,148.51621032456688,70.93048731849687,47.0,15.1899995803833
2024-04-09,168.2746564426633,74.46588536181021,63.0,14.979999542236328
2024-04-10,168.61406901970238,71.10824510511468,19.0,15.800000190734863
2024-04-11,184.02766937840633,72.95299772362729,45.0,14.90999984741211
2024-04-12,193.1460229223513,71.57987545177392,5.0,17.309999465942383
2024-04-15,191.99450060569083,72.28756307587636,23.0,19.229999542236328
2024-04-16,176.43517056619555,69.45440443244088,37.0,18.399999618530273
2024-04-17,174.14830104007055,70.44367733295599,44.0,18.209999084472656
2024-04-18,171.3704522404062,71.30052584725442,54.0,18.0
2024-04-19,244.33782507474788,74.41010444653314,69.0,18.709999084472656
2024-04-22,188.47737900153862,72.60655688725329,83.0,16.940000534057617
2024-04-23,176.29579007079744,69.23636894847256,76.0,15.6899995803833
2024-04-24,206.8776702875312,72.97788422832811,51.0,15.970000267028809
2024-04-25,235.47876985406157,75.9438404096477,31.0,15.369999885559082
2024-04-26,214.33258410221322,77.16885273805435,56.00000000000001,15.029999732971191
2024-04-29,204.45267544680848,79.45201370490184,64.0,14.670000076293945
2024-04-30,208.89874265705512,71.94864398761797,9.0,15.649999618530273
2024-05-01,219.77411952687353,73.30879546378911,48.0,15.390000343322754
2024-05-02,187.28157225070103,70.37158243140058,71.0,14.680000305175781
2024-05-03,199.50757360104078,72.18497327445183,71.0,13.489999771118164
2024-05-06,171.0409307188192,71.85482208406016,73.0,13.489999771118164
2024-05-07,181.30887968082493,72.12387783686721,66.0,13.229999542236328
2024-05-08,147.06669468536396,68.88802934803374,55.00000000000001,13.0
2024-05-09,152.1287730552832,69.73520782133305,71.0,12.6899995803833
2024-05-10,147.60942654010395,71.42715915711341,61.0,12.550000190734863
2024-05-13,147.26245831046583,70.71497401254987,50.0,13.600000381469727
2024-05-14,156.11112202069765,70.07719907678893,61.0,13.420000076293945
2024-05-15,197.60678270728468,73.24590290855667,73.0,12.449999809265137
2024-05-16,175.2705899341103,68.75706890733733,48.0,12.420000076293945
2024-05-17,159.0141993421675,71.66671206936911,59.0,11.989999771118164
2024-05-20,147.6578312613809,72.18066574763633,35.0,12.149999618530273
2024-05-21,165.8804001040258,72.68086773613247,51.0,11.859999656677246
2024-05-22,177.550418597034,75.27510276980485,40.0,12.289999961853027
2024-05-23,228.7890458013927,78.083156025754,6.0,12.770000457763672
2024-05-24,158.35036568755626,76.00060552096024,61.0,11.930000305175781
2024-05-28,205.4652443381421,77.41013093319748,34.0,12.920000076293945
2024-05-29,193.37917818663044,75.9468488728028,12.0,14.279999732971191
2024-05-30,204.0420251159315,76.40855753043981,67.0,14.470000267028809
2024-05-31,299.10280127636037,70.65599916247997,88.0,12.920000076293945
2024-06-03,188.4477296470873,74.19426360027185,39.0,13.109999656677246
2024-06-04,170.54075259154968,72.5088897978717,57.99999999999999,13.15999984741211
2024-06-05,196.30143056381976,78.21570683861577,64.0,12.630000114440918
2024-06-06,201.9530583118055,78.38436143784281,51.0,12.579999923706055
2024-06-07,163.6806384516532,74.40519316177318,48.0,12.220000267028809
2024-06-10,175.1767396178136,73.14549657797313,55.00000000000001,12.739999771118164
2024-06-11,180.38202669601196,72.6246226496258,30.0,12.850000381469727
2024-06-12,224.35150547643997,77.76923144493499,43.0,12.039999961853027
2024-06-13,199.5021037687084,76.2783708548838,37.0,11.9399995803833
2024-06-14,179.22904991466302,76.67694958255716,38.0,12.65999984741211
2024-06-17,204.55375120629236,76.86611533407277,72.0,12.75
2024-06-18,195.84586526613165,75.64365921138567,63.0,12.300000190734863
2024-06-20,242.89326712461437,76.75242817920169,63.0,13.279999732971191
2024-06-21,392.46947806495547,72.29162837201109,61.0,13.199999809265137
2024-06-24,218.766312981891,73.23824238356606,69.0,13.329999923706055
2024-06-25,198.9427237297391,73.15431745782769,28.000000000000004,12.84000015258789
2024-06-26,197.94330923728347,73.47847269719172,38.0,12.550000190734863
2024-06-27,172.5122946387797,72.71728024681846,51.0,12.239999771118164
2024-06-28,298.0411188232019,69.48810486881193,50.0,12.4399995803833
2024-07-01,191.4508622386405,74.86211200569448,36.0,12.220000267028809
2024-07-02,194.46188440454054,76.73857524980843,66.0,12.029999732971191
2024-07-03,146.47672813729116,81.22051218667407,49.0,12.09000015258789
2024-07-05,196.61545735406906,77.97220795144024,56.99999999999999,12.479999542236328
2024-07-08,194.70535997725062,78.26760657812922,49.0,12.369999885559082
2024-07-09,196.23729112641317,78.38887862507804,41.0,12.510000228881836
2024-07-10,200.35749144386878,77.68914059439658,82.0,12.850000381469727
2024-07-11,253.71991877211127,77.95065904963576,67.0,12.920000076293945
2024-07-12,205.27183346773305,74.60172094661576,68.0,12.460000038146973
2024-07-15,189.75771716632113,73.69059941617539,60.0,13.119999885559082
2024-07-16,192.02782382013638,70.74509569621024,84.0,13.1899995803833
2024-07-17,244.4223156864577,72.4873641734502,64.0,14.479999542236328
2024-07-18,225.3388275991349,71.96511837637333,16.0,15.930000305175781
2024-07-19,182.8008962093663,70.93068145670385,28.000000000000004,16.520000457763672
2024-07-22,182.07937074987439,74.17327470664638,65.0,14.90999984741211
2024-07-23,171.39974760893224,70.55439902267992,41.0,14.720000267028809
2024-07-24,230.96596662749585,74.90382632055642,35.0,18.040000915527344
2024-07-25,233.52808708688727,73.38080514321742,51.0,18.459999084472656
2024-07-26,187.56347512275605,69.31528530371486,84.0,16.389999389648438
2024-07-29,165.94037387515985,72.21404999930664,50.0,16.600000381469727
2024-07-30,213.71004817928699,72.70349121086693,68.0,17.690000534057617
2024-07-31,246.4043304707578,73.46381826287882,65.0,16.360000610351562
2024-08-01,258.62563101772383,74.4291402046844,32.0,18.59000015258789
2024-08-02,277.36574700560027,72.54219278888166,28.000000000000004,23.389999389648438
2024-08-05,280.02378878115417,73.06702893077617,2.0,38.56999969482422
2024-08-06,212.81880441557547,72.39919804021298,71.0,27.709999084472656
2024-08-07,193.31237309625217,70.4362827755929,33.0,27.850000381469727
2024-08-08,183.28914251786892,70.75294818081414,91.0,23.790000915527344
2024-08-09,148.21277530261673,70.72062450888191,51.0,20.3700008392334
2024-08-12,155.0583535924576,69.99331797678651,30.0,20.709999084472656
2024-08-13,182.42389366511134,74.83620445784254,90.0,18.1200008392334
2024-08-14,169.30336908804776,73.793810190357,66.0,16.190000534057617
2024-08-15,191.78479280678934,72.93924891201141,81.0,15.229999542236328
2024-08-16,169.96175013877092,73.62510700715268,71.0,14.800000190734863
2024-08-19,162.4375141266621,76.77774438532164,80.0,14.649999618530273
2024-08-20,165.28987288932572,72.97711217343179,48.0,15.880000114440918
2024-08-21,156.93295964251078,74.39968019007748,62.0,16.270000457763672
2024-08-22,176.58132022234292,76.33865811425807,38.0,17.549999237060547
2024-08-23,166.3197351625892,74.77674606360046,89.0,15.859999656677246
2024-08-26,148.1562614358324,73.85974922386202,69.0,16.149999618530273
2024-08-27,143.9621294317201,74.39030298460288,49.0,15.430000305175781
2024-08-28,166.6420820679451,76.12508648391957,38.0,17.110000610351562
2024-08-29,171.3800688238788,76.39499791834086,68.0,15.649999618530273
2024-08-30,188.4711046525634,70.6969676661721,88.0,15.0
2024-09-03,207.72186451419785,71.54013427194788,25.0,20.719999313354492
2024-09-04,167.42507043632057,70.67688980045888,56.00000000000001,21.31999969482422
2024-09-05,169.94816260364414,70.47428262113556,20.0,19.899999618530273
2024-09-06,203.34398259582161,73.39414608090061,16.0,22.3799991607666
2024-09-09,172.98703457706034,68.17466981808238,86.0,19.450000762939453
2024-09-10,175.32330083590546,71.42358669608264,53.0,19.079999923706055
2024-09-11,201.9709163892273,73.56842121909393,48.0,17.690000534057617
2024-09-12,181.6925607559951,73.23327762327094,72.0,17.06999969482422
2024-09-13,154.4009265561439,71.03239471638949,76.0,16.559999465942383
2024-09-16,156.87409939421363,71.13053567210976,76.0,17.139999389648438
2024-09-17,156.6858712799874,70.52798263580002,49.0,17.610000610351562
2024-09-18,172.71310802761533,72.60711580556912,37.0,18.229999542236328
2024-09-19,213.21355439246886,70.87509708114146,66.0,16.329999923706055
2024-09-20,429.8949330671902,67.75430434672448,44.0,16.149999618530273
2024-09-23,168.57318279783365,71.53715371377373,66.0,15.890000343322754
2024-09-24,198.76561648461288,72.75999676298879,56.00000000000001,15.390000343322754
2024-09-25,171.76985079036353,70.58736976154606,32.0,15.40999984741211
2024-09-26,180.30672123077198,70.14613994463225,68.0,15.369999885559082
2024-09-27,165.5773221835832,68.90496788164751,66.0,16.959999084472656
2024-09-30,172.8387553208951,69.21810635660094,69.0,16.729999542236328
2024-10-01,192.11260137344752,72.78375257205248,33.0,19.260000228881836
2024-10-02,149.67637845596468,70.98401632710409,48.0,18.899999618530273
2024-10-03,151.37268579755738,72.85079901924053,20.0,20.489999771118164
2024-10-04,167.02009448065579,72.60075050302774,72.0,19.209999084472656
2024-10-07,176.14149119419108,73.8875112959715,21.0,22.639999389648438
2024-10-08,157.94770538004158,73.09139952013722,69.0,21.420000076293945
2024-10-09,155.48817659698722,72.36331232525102,86.0,20.860000610351562
2024-10-10,153.4515732153714,73.77863098992681,28.000000000000004,20.93000030517578
2024-10-11,158.7194707016129,73.12587823231772,82.0,20.459999084472656
2024-10-14,150.58612552848152,72.46776667117315,77.0,19.700000762939453
2024-10-15,205.26002963246842,71.51577909135918,51.0,20.639999389648438
2024-10-16,155.38938139810145,70.30883642921198,72.0,19.579999923706055
2024-10-17,165.23388352280853,70.43126029801614,47.0,19.110000610351562
2024-10-18,160.3455810917381,66.77075336867715,60.0,18.030000686645508
2024-10-21,152.49490359671168,69.93282815910868,19.0,18.3700008392334
2024-10-22,162.88060131833686,67.9827281944237,53.0,18.200000762939453
2024-10-23,186.43875384171832,72.42239606302697,27.0,19.239999771118164
2024-10-24,184.06947699712117,73.37100823973401,42.0,19.079999923706055
2024-10-25,183.320804624762,75.53867662020356,32.0,20.329999923706055
2024-10-28,166.58312252251824,70.97507830939338,69.0,19.799999237060547
2024-10-29,191.859021776471,67.16472615062938,28.999999999999996,19.34000015258789
2024-10-30,219.50853064496178,66.97953273712073,46.0,20.350000381469727
2024-10-31,240.43204911543648,72.12667348226147,37.0,23.15999984741211
2024-11-01,198.54822927758138,71.35608079735107,55.00000000000001,21.8799991607666
2024-11-04,156.11080150227494,68.92163129716467,36.0,21.979999542236328
2024-11-05,144.51181160762772,67.23628146144486,87.0,20.489999771118164
2024-11-06,297.3351667054105,68.87602117459434,68.0,16.270000457763672
2024-11-07,218.38084783535467,68.81122531967245,51.0,15.199999809265137
2024-11-08,223.7111541473722,72.35812731385077,63.0,14.9399995803833
2024-11-11,236.5906774690497,75.22654106587477,56.99999999999999,14.970000267028809
2024-11-12,218.25426659797125,72.89638849439174,26.0,14.710000038146973
2024-11-13,204.95718345897333,72.70345258052792,57.99999999999999,14.020000457763672
2024-11-14,212.70586147132317,72.38524378294912,30.0,14.3100004196167
2024-11-15,248.5740800738061,70.00956717504958,38.0,16.139999389648438
2024-11-18,213.61948760536572,71.18199199333553,64.0,15.579999923706055
2024-11-19,191.47908590453045,69.78756192572881,38.0,16.350000381469727
2024-11-20,196.44467638997864,72.71189998429465,54.0,17.15999984741211
2024-11-21,231.8433300355326,74.07436989588278,80.0,16.8700008392334
2024-11-22,200.46765417226248,70.23356727530422,72.0,15.239999771118164
2024-11-25,287.2850723299947,66.1765163195749,73.0,14.600000381469727
2024-11-26,182.60279922030563,67.36703716978238,56.99999999999999,14.100000381469727
2024-11-27,158.06854901063235,70.44975270646776,53.0,14.100000381469727
2024-11-29,114.83828371680501,69.34156531267828,66.0,13.510000228881836
2024-12-02,187.47221401573762,70.25586234064069,35.0,13.34000015258789
2024-12-03,174.29072091340527,68.15394549926545,35.0,13.300000190734863
2024-12-04,204.98165036018273,71.47965622095984,45.0,13.449999809265137
2024-12-05,188.6377018830211,69.70058343319498,50.0,13.539999961853027
2024-12-06,196.43753675355836,70.90326903172058,51.0,12.770000457763672
2024-12-09,216.4865787716774,70.62145067511841,34.0,14.1899995803833
2024-12-10,213.13442232825216,73.1432988821341,42.0,14.180000305175781
2024-12-11,242.18746502454238,71.0051326997833,47.0,13.579999923706055
2024-12-12,195.92251845443602,72.58295582490105,34.0,13.920000076293945
2024-12-13,223.75866535555465,75.9671202170618,34.0,13.8100004196167
2024-12-16,270.0762726914637,74.98478803966391,36.0,14.6899995803833
2024-12-17,275.20614571800655,73.54887629273536,33.0,15.869999885559082
2024-12-18,283.8190569436838,73.7934216519868,3.0,27.6200008392334
2024-12-19,255.4773056186524,71.16156437092836,44.0,24.09000015258789
2024-12-20,485.8108401689733,67.70565734116782,84.0,18.360000610351562
2024-12-23,186.78901593995806,71.81379944761728,62.0,16.780000686645508
2024-12-24,104.2205804093464,77.99441308229851,96.0,14.270000457763672
2024-12-26,128.7406927144948,76.04601560630793,56.00000000000001,14.729999542236328
2024-12-27,161.4537130610306,76.9784592872259,13.0,15.949999809265137
2024-12-30,151.08750122722535,72.42185664413012,5.0,17.399999618530273
2024-12-31,144.25151758262857,73.60710342243637,56.00000000000001,17.350000381469727
2025-01-02,190.66116844921052,75.75939729513887,43.0,17.93000030517578
2025-01-03,183.4133660356219,77.0014680763053,73.0,16.1299991607666
2025-01-06,221.3476239363801,73.30615678528844,45.0,16.040000915527344
2025-01-07,208.82881191519695,73.87608276129444,43.0,17.81999969482422
2025-01-08,181.37687088248987,70.58105587144678,52.0,17.700000762939453
2025-01-10,214.06003963440162,69.48091656197809,12.0,19.540000915527344
2025-01-13,189.42441895624262,67.17085571792228,72.0,19.190000534057617
2025-01-14,188.63952096308216,67.34342479601219,69.0,18.709999084472656
2025-01-15,209.7181891579848,68.96499151391055,79.0,16.1200008392334
2025-01-16,192.63913405202882,71.00028012727753,65.0,16.600000381469727
2025-01-17,243.34400742735892,69.40493792160521,79.0,15.970000267028809
2025-01-21,252.5070145420779,69.35845679481085,83.0,15.0600004196167
2025-01-22,235.17954744762085,72.54538624939045,39.0,15.100000381469727
2025-01-23,189.3906288549715,67.50279810592116,75.0,15.020000457763672
2025-01-24,198.07300328860208,70.24186375634382,44.0,14.850000381469727
2025-01-27,342.06101255681085,79.39425773970821,75.0,17.899999618530273
2025-01-28,270.4709149513376,76.33272456827234,30.0,16.40999984741211
2025-01-29,228.3500662500502,76.49961930503143,51.0,16.559999465942383
2025-01-30,270.57256921419247,76.83564118929728,80.0,15.84000015258789
2025-01-31,263.4476349436716,74.76014629271612,23.0,16.43000030517578
2025-02-03,248.4655050237759,73.02451943614714,37.0,18.6200008392334
2025-02-04,214.22948774403022,68.6689312908626,55.00000000000001,17.209999084472656
2025-02-05,228.41729523056603,72.21587802212497,66.0,15.770000457763672
2025-02-06,218.0996719769942,69.90220409890378,53.0,15.5
2025-02-07,211.52327798539335,74.40601005322193,22.0,16.540000915527344
2025-02-10,194.17238531938153,69.41097395445311,63.0,15.8100004196167
2025-02-11,196.01665588068434,70.76914150065201,68.0,16.020000457763672
2025-02-12,199.08027339832725,67.58533317727576,46.0,15.890000343322754
2025-02-13,206.1333156844573,70.83461076311984,73.0,15.100000381469727
2025-02-14,190.62179377426222,69.39772444568712,37.0,14.770000457763672
2025-02-18,221.47448143998827,68.61066985382287,66.0,15.350000381469727
2025-02-19,183.1549833922113,68.95160447978672,64.0,15.270000457763672
2025-02-20,175.65728943483433,63.81412368349876,51.0,15.65999984741211
2025-02-21,240.90297641480333,66.05144468447983,28.000000000000004,18.209999084472656
2025-02-24,226.31590671149522,68.66996383991682,56.99999999999999,18.979999542236328
2025-02-25,258.67740876232324,70.46166498745681,60.0,19.43000030517578
2025-02-26,214.80992442329406,74.20808300537009,35.0,19.100000381469727
2025-02-27,227.22406230504876,75.1991410225516,46.0,21.1299991607666
2025-02-28,287.7337021363134,69.5572185032499,95.0,19.6299991607666
2025-03-03,242.88445301135636,70.2956238382347,32.0,22.780000686645508
2025-03-04,287.5368685334063,68.40652847206124,15.0,23.510000228881836
2025-03-05,212.16277757592434,68.09905943939424,79.0,21.93000030517578
2025-03-06,226.79941287812946,69.56629614234325,34.0,24.8700008392334
2025-03-07,263.3003283978851,66.58542492242998,67.0,23.3700008392334
2025-03-10,298.35452285221294,67.81320513657153,31.0,27.860000610351562
2025-03-11,273.72807198192965,70.11605819610631,21.0,26.920000076293945
2025-03-12,233.9789879708647,71.95670116231364,37.0,24.229999542236328
2025-03-13,220.61130628180027,71.5941631855336,27.0,24.65999984741211
2025-03-14,204.83167335392127,69.7363277945747,87.0,21.770000457763672
2025-03-17,208.82462125215028,70.25849605819728,87.0,20.510000228881836
2025-03-18,202.8732489415651,70.97868930184242,35.0,21.700000762939453
2025-03-19,212.6121433163786,70.11776837385614,67.0,19.899999618530273
2025-03-20,199.0329247229554,69.96972070552282,40.0,19.799999237060547
2025-03-21,365.50791600699415,59.6713788119781,43.0,19.280000686645508
2025-03-24,224.9498992729072,72.94587161397007,77.0,17.479999542236328
2025-03-25,190.46582536442116,70.4864790920644,52.0,17.149999618530273
2025-03-26,209.51772996659014,72.35231573341092,53.0,18.329999923706055
2025-03-27,192.15185956338246,73.16847823631886,44.0,18.690000534057617
2025-03-28,199.96077117677262,72.64382014234134,17.0,21.649999618530273
2025-03-31,261.6361039315906,68.65613458675071,81.0,22.280000686645508
2025-04-01,194.69117750878817,69.55157452541046,54.0,21.770000457763672
2025-04-02,209.97824485502764,73.89481747196928,69.0,21.510000228881836
2025-04-03,308.71870107470636,68.96094556848698,23.0,30.020000457763672
2025-04-04,385.30016377052766,67.5084677124159,4.0,45.310001373291016
2025-04-07,398.31056707607365,69.62940591866152,31.0,46.97999954223633
2025-04-08,313.2804827032851,69.13592578257669,15.0,52.33000183105469
2025-04-09,468.5129716549327,71.66979822752502,99.0,33.619998931884766
2025-04-10,326.4703343105884,70.29035643987491,14.000000000000002,40.720001220703125
2025-04-11,244.8190775747407,68.52036492739883,82.0,37.560001373291016
2025-04-14,209.3447334044303,68.82480858259025,82.0,30.889999389648438
2025-04-15,180.3268510244209,66.36032489818098,34.0,30.1200008392334
2025-04-16,217.95096264458041,71.49593376343152,12.0,32.63999938964844
2025-04-17,213.71732328879108,64.40356296665527,69.0,29.649999618530273
2025-04-21,193.82763779672578,66.85441314342752,6.0,33.81999969482422
2025-04-22,201.90456733607908,67.32917088107305,99.0,30.56999969482422
2025-04-23,227.05548794805944,67.57566414711825,71.0,28.450000762939453
2025-04-24,206.17404092533036,67.90885493457984,78.0,26.469999313354492
2025-04-25,218.2274272130394,73.02962770909795,52.0,24.84000015258789
2025-04-28,191.85425127319783,70.58692795142525,56.99999999999999,25.149999618530273
2025-04-29,173.27812744543004,66.9964351602221,78.0,24.170000076293945
2025-04-30,240.02359792283994,68.54833385631188,63.0,24.700000762939453
2025-05-01,239.43799965349675,71.19456173689251,43.0,24.600000381469727
2025-05-02,225.50831035750065,70.69146131751931,85.0,22.68000030517578
2025-05-05,177.68891727831482,66.7921616575593,34.0,23.639999389648438
2025-05-06,162.7587706402589,65.47706189147588,27.0,24.760000228881836
2025-05-07,213.53107190744524,73.34590422442506,75.0,23.549999237060547
2025-05-08,206.7712753202906,68.00342050616388,70.0,22.479999542236328
2025-05-09,167.4444543723321,70.04803827576418,42.0,21.899999618530273
2025-05-12,266.99558962954416,67.6413760596996,81.0,18.389999389648438
2025-05-13,276.5938745342371,69.25479881394689,50.0,18.219999313354492
2025-05-14,262.1944703993848,69.04974603254304,35.0,18.6200008392334
2025-05-15,261.2514407378052,68.91517654028104,78.0,17.829999923706055
2025-05-16,246.95527032815863,65.67078786338959,84.0,17.239999771118164
2025-05-19,209.34659908614364,68.50236709610404,60.0,18.139999389648438
2025-05-20,202.0997614022449,68.94173857274708,43.0,18.09000015258789
2025-05-21,237.26061192118138,69.40821663539958,5.0,20.8700008392334
2025-05-22,201.3416545055788,70.02519050020032,45.0,20.280000686645508
2025-05-23,186.79064700680684,72.05071451935774,30.0,22.290000915527344
2025-05-27,219.9628845424619,70.63959617916635,92.0,18.959999084472656
2025-05-28,198.0437943160939,73.77321802775502,18.0,19.309999465942383
2025-05-29,215.7782216270909,74.46247321786521,74.0,19.18000030517578
2025-05-30,312.07656043585547,67.20843705891298,55.00000000000001,18.56999969482422
2025-06-02,188.88644232808247,70.28554753235015,49.0,18.360000610351562
2025-06-03,209.0121646123368,70.77084676604348,70.0,17.690000534057617
2025-06-04,183.8736681401116,71.38406122329408,41.0,17.610000610351562
2025-06-05,264.9304239355061,77.75675638355708,37.0,18.479999542236328
2025-06-06,201.73464993885645,75.02712893740811,84.0,16.770000457763672
2025-06-09,212.34837862018273,74.15747568960671,52.0,17.15999984741211
2025-06-10,227.76428345294633,73.40877943387383,74.0,16.950000762939453
2025-06-11,212.7722451535852,70.62247893856281,43.0,17.260000228881836
2025-06-12,199.51393525179284,69.31530588646766,61.0,18.020000457763672
2025-06-13,228.33849015366474,69.03090708625483,13.0,20.81999969482422
2025-06-16,206.7899671473973,70.11486125911061,70.0,19.110000610351562
2025-06-17,191.36763510354137,69.57679213657131,15.0,21.600000381469727
2025-06-18,211.77366876687393,68.58187089099152,46.0,20.139999389648438
2025-06-20,358.9101278797756,66.45980664010094,63.0,20.6200008392334
2025-06-23,257.17089697783484,73.62654740200388,82.0,19.829999923706055
2025-06-24,242.36691816833775,71.56952986744378,78.0,17.479999542236328
2025-06-25,222.5192533105149,73.59861788395003,34.0,16.760000228881836
2025-06-26,220.71542537553478,69.77276058854746,77.0,16.59000015258789
2025-06-27,353.2161079569963,69.90589946693083,71.0,16.31999969482422
2025-06-30,260.6774695164988,71.11513899952972,70.0,16.729999542236328
2025-07-01,262.8830792998459,70.90071989287495,74.0,16.829999923706055
2025-07-02,221.1194909603677,70.94772473744558,55.00000000000001,16.639999389648438
2025-07-03,142.77804148512809,72.8870437467912,77.0,16.3799991607666
2025-07-07,203.4688906301128,69.9236390506083,20.0,17.790000915527344
2025-07-08,206.25914071001523,66.74690399335272,48.0,16.809999465942383
2025-07-09,206.28329452570384,68.18299440594926,56.00000000000001,15.9399995803833
2025-07-10,207.52975783842055,70.21709125305804,69.0,15.779999732971191
2025-07-11,201.3466790198371,70.88281129572628,26.0,16.399999618530273
2025-07-14,183.10021700184402,66.59888806143418,61.0,17.200000762939453
2025-07-15,222.99188592090442,69.1699178117045,14.000000000000002,17.3799991607666
2025-07-16,217.22256563481125,67.4910267937914,60.0,17.15999984741211
2025-07-17,217.62109535672698,65.23632078806712,65.0,16.520000457763672
2025-07-18,232.97214315766664,65.82597223809242,44.0,16.40999984741211
2025-07-21,194.2702153019843,69.74438899773008,50.0,16.649999618530273
2025-07-22,218.10979577145332,67.68197113894026,74.0,16.5
2025-07-23,226.80873243326184,68.50859128225429,74.0,15.369999885559082
2025-07-24,250.38378743102433,71.30204866707783,41.0,15.390000343322754
2025-07-25,214.94591826907168,72.89494858841067,69.0,14.930000305175781
2025-07-28,209.84171513032211,70.85055560065817,36.0,15.029999732971191
2025-07-29,247.380865851515,65.58827252939817,49.0,15.979999542236328
2025-07-30,241.77597927929372,69.63277064348287,31.0,15.479999542236328
2025-07-31,327.94949572062666,72.94539209748883,22.0,16.719999313354492
2025-08-01,286.29606899991836,71.20466766152205,26.0,20.3799991607666
2025-08-04,229.31859919240296,70.8098012423413,86.0,17.520000457763672
2025-08-05,215.48937644510826,68.13981851769053,45.0,17.850000381469727
2025-08-06,232.3750549538252,73.32032004083176,61.0,16.770000457763672
2025-08-07,227.3935250247117,70.9310977375224,50.0,16.56999969482422
2025-08-08,215.99921973734672,72.82171161531224,69.0,15.149999618530273
2025-08-11,215.8238780884055,72.11860334052054,37.0,16.25
2025-08-12,216.10000277297323,71.43308800482183,76.0,14.729999542236328
2025-08-13,234.0056415822055,71.30289155387388,72.0,14.489999771118164
2025-08-14,218.1852216204266,69.29854001994003,48.0,14.829999923706055
2025-08-15,247.89936579476068,69.26244210395015,47.0,15.09000015258789
2025-08-18,194.30898028106733,66.46551337156042,53.0,14.989999771118164
2025-08-19,220.6862704967647,71.07937684727513,61.0,15.569999694824219
2025-08-20,227.61872582841107,71.77240630995239,57.99999999999999,15.6899995803833
2025-08-21,170.6315135010942,66.59902337369186,28.000000000000004,16.600000381469727
2025-08-22,231.3063149129527,70.92365790444052,80.0,14.220000267028809
2025-08-25,184.6694824975913,73.20502488382282,18.0,14.789999961853027
2025-08-26,230.00078368499888,68.01164606635737,53.0,14.619999885559082
2025-08-27,186.7702057364944,71.82915040955159,63.0,14.850000381469727
2025-08-28,211.5553978806117,73.37575934966097,47.0,14.430000305175781
2025-08-29,210.66735524528676,73.89366325134164,60.0,15.359999656677246
2025-09-02,215.45945506639188,70.1518567501156,28.999999999999996,17.170000076293945
2025-09-03,232.10794482972406,74.88504720290005,41.0,16.350000381469727
2025-09-04,211.49435614219445,74.1463244297407,67.0,15.300000190734863
2025-09-05,273.24242581892184,76.26416317113231,48.0,15.180000305175781
2025-09-08,229.20673837388534,69.8734981463455,44.0,15.109999656677246
2025-09-09,216.6516083360462,68.19883780104949,54.0,15.039999961853027
2025-09-10,292.6560205246327,78.64303642169173,33.0,15.350000381469727
2025-09-11,250.0646963730047,74.54914807432344,82.0,14.710000038146973
2025-09-12,258.82508523463673,78.49575753406124,30.0,14.760000228881836
2025-09-15,261.2745685587506,78.55968067857224,49.0,15.6899995803833
2025-09-16,247.2657347438311,73.45610394478582,42.0,16.360000610351562
2025-09-17,257.55910275659346,74.28359891295912,72.0,15.720000267028809
2025-09-18,262.49749298568395,75.18397519511349,54.0,15.699999809265137
2025-09-19,449.50087875288756,68.89733968326536,54.0,15.449999809265137
2025-09-22,288.66472863517544,78.03743163379504,46.0,16.100000381469727
2025-09-23,254.00912279601215,72.92483650756999,55.00000000000001,16.639999389648438
2025-09-24,226.69128790115445,73.86785318246189,43.0,16.18000030517578
2025-09-25,254.31388197537967,74.76053457478852,32.0,16.739999771118164
2025-09-26,228.32838171233612,73.13137376215036,79.0,15.289999961853027
2025-09-29,240.58965631895194,72.1264368320389,54.0,16.1200008392334
2025-09-30,270.8393450278496,69.8690912241123,52.0,16.280000686645508
2025-10-01,288.5540168017059,69.42126563137893,50.0,16.290000915527344
2025-10-02,254.9301655410954,74.98160703231679,42.0,16.6299991607666
2025-10-03,247.15241958592517,73.86466557184491,65.0,16.649999618530273
2025-10-06,286.16290567867134,78.22325566013456,51.0,16.3700008392334
2025-10-07,240.47173503638786,75.75224818961047,49.0,17.239999771118164
2025-10-08,236.1158057980427,76.26204570086821,40.0,16.299999237060547
2025-10-09,239.31894601426342,75.08879550533703,28.000000000000004,16.43000030517578
2025-10-10,318.7497515787506,76.88863434223941,16.0,21.65999984741211
2025-10-13,226.00933621571608,74.99704754240078,70.0,19.030000686645508
2025-10-14,239.62181276143727,72.5512373395819,74.0,20.809999465942383
2025-10-15,247.68193462861785,73.41021234619457,52.0,20.639999389648438
2025-10-16,247.65700317380814,72.48322819114573,28.000000000000004,25.309999465942383
2025-10-17,256.2303708273646,72.62505513096926,78.0,20.780000686645508
2025-10-20,220.59123862405215,74.93162715748925,77.0,18.229999542236328
2025-10-21,230.56945237889698,71.81702832532115,55.00000000000001,17.8700008392334
2025-10-22,260.2256127330938,74.99563930951754,35.0,18.600000381469727
2025-10-23,236.29006989957588,75.09386834376353,54.0,17.299999237060547
2025-10-24,235.55472097156476,77.02298225472471,60.0,16.3700008392334
2025-10-27,272.2275683078256,77.34490146359508,71.0,15.789999961853027
2025-10-28,289.2717570531667,76.02623957417542,28.000000000000004,16.420000076293945
2025-10-29,327.07826177858885,75.52151588197391,23.0,16.920000076293945
2025-10-30,364.1125944618722,78.97177040236392,50.0,16.90999984741211
2025-10-31,348.4752986210181,77.83286605678673,54.0,17.440000534057617
2025-11-03,288.55404516144876,74.63555231062969,30.0,17.170000076293945
2025-11-04,280.61040954570683,73.14766578798177,38.0,19.0
2025-11-05,265.4506798080526,73.06527294759529,55.00000000000001,18.010000228881836
2025-11-06,292.9386073122078,75.92854659880214,37.0,19.5
2025-11-07,294.6965020338267,75.59060753849097,64.0,19.079999923706055
2025-11-10,249.28005885421064,73.74735182649275,62.0,17.600000381469727
2025-11-11,217.82611735449842,72.89259319295007,81.0,17.280000686645508
2025-11-12,258.50191024499225,72.22860552434871,69.0,17.510000228881836
2025-11-13,290.40607444028956,74.80203568088935,26.0,20.0
2025-11-14,268.3196285164255,74.10808490587463,35.0,19.829999923706055
2025-11-17,262.38518374536767,73.36079182894223,19.0,22.3799991607666
2025-11-18,283.4588690269616,73.46865833809973,45.0,24.690000534057617
2025-11-19,279.9095847591451,76.0445447911087,40.0,23.65999984741211
2025-11-20,318.2900057136771,77.29596842100248,20.0,26.420000076293945
2025-11-21,353.9280028985927,75.64469040171107,82.0,23.43000030517578
2025-11-24,377.27178910190236,71.46528030032235,48.0,20.520000457763672
2025-11-25,319.19782353649555,77.55015413586649,85.0,18.559999465942383
2025-11-26,236.40667399011795,75.3859490317434,71.0,17.190000534057617
2025-11-28,137.98283821599316,76.06832012300538,85.0,16.350000381469727
2025-12-01,231.55492647557858,73.31108687237503,23.0,17.239999771118164
2025-12-02,250.0648254861692,72.3344213939066,52.0,16.59000015258789
2025-12-03,260.6846192020946,72.68615223783166,71.0,16.079999923706055
2025-12-04,256.6577865606737,72.22351449629268,50.0,15.779999732971191
2025-12-05,242.7003851470795,73.67326063093488,49.0,15.40999984741211
2025-12-08,257.8673410330746,72.94911410485795,33.0,16.65999984741211
2025-12-09,215.39333290778515,68.63923190819476,47.0,16.93000030517578
2025-12-10,279.9367502627544,68.47803065675481,80.0,15.770000457763672
2025-12-11,271.6424838705477,71.80493053547583,68.0,14.850000381469727
2025-12-12,294.1328948257922,74.48686390064898,53.0,15.739999771118164
2025-12-15,294.49932105823643,72.75826835926618,60.0,16.5
2025-12-16,269.3112338099586,72.29427036068985,30.0,16.479999542236328
2025-12-17,300.6466766014082,75.31686078470098,43.0,17.6200008392334
2025-12-18,285.8521141432652,73.67631110926214,51.0,16.8700008392334
2025-12-19,599.4569363198497,71.39009478669107,61.0,14.90999984741211
2025-12-22,226.40342648582853,71.2876385543155,71.0,14.079999923706055
2025-12-23,191.7218316238209,73.20779072652584,55.00000000000001,14.0
2025-12-24,97.24302766461926,72.7970456444541,86.0,13.470000267028809
2025-12-26,135.17079036223814,77.25572151194324,46.0,13.600000381469727
2025-12-29,168.22291472777698,72.01568892635918,42.0,14.199999809265137
2025-12-30,148.06707955101194,73.07323239848729,37.0,14.329999923706055
2025-12-31,147.93305996449774,73.79704912197845,5.0,14.949999809265137
2026-01-02,238.2655794707041,74.0479894152854,59.0,14.510000228881836
2026-01-05,268.85711436906894,66.81774898963306,67.0,14.899999618530273
2026-01-06,264.1329936500602,70.70320537000732,70.0,14.75
2026-01-07,248.52205519458713,66.82968421225523,21.0,15.380000114440918
2026-01-08,243.36754848928248,67.16857078242685,70.0,15.449999809265137
2026-01-09,223.4692050946485,70.95546379207997,53.0,14.489999771118164
2026-01-12,252.9534211336938,64.78760690260141,49.0,15.119999885559082
2026-01-13,267.3056414581039,67.31324327831794,50.0,15.979999542236328
2026-01-14,270.3727650276391,66.31639784321219,62.0,16.75
2026-01-15,255.08625755843602,67.9653066024979,53.0,15.84000015258789
2026-01-16,342.8645560776418,65.35996671386776,42.0,15.859999656677246
2026-01-20,312.02131513107037,68.55878915637464,22.0,20.09000015258789
2026-01-21,314.5145504519768,69.86858351788041,76.0,16.899999618530273
2026-01-22,262.1447938707848,67.76276792406296,72.0,15.640000343322754
2026-01-23,265.2712481787222,69.78016965032879,40.0,16.09000015258789
2026-01-26,238.26264896987925,67.29714927244163,65.0,16.149999618530273
2026-01-27,255.06311587726083,64.33482027282692,55.00000000000001,16.350000381469727
2026-01-28,266.0044601411827,69.62461803266626,33.0,16.350000381469727
2026-01-29,382.36437278765123,74.71960641047608,66.0,16.8799991607666
2026-01-30,327.3768972952786,70.30275450585447,56.00000000000001,17.440000534057617
2026-02-02,279.5942241948691,68.84385139452309,70.0,16.34000015258789
2026-02-03,341.7492486266539,67.38679593749103,56.99999999999999,18.0
2026-02-04,383.240677459568,68.79111269868588,69.0,18.639999389648438
2026-02-05,362.46188056675896,72.09491628735879,37.0,21.770000457763672
2026-02-06,338.5073648709997,73.31731886191746,84.0,20.3700008392334
2026-02-09,286.1152586549768,71.21012675928854,43.0,17.360000610351562
2026-02-10,262.95775200217645,67.6964495424018,50.0,17.790000915527344
2026-02-11,275.27146131991276,68.75751785657181,53.0,17.649999618530273
2026-02-12,328.37587080135205,66.75301025576724,32.0,20.81999969482422
2026-02-13,257.80163521407155,66.41717550544173,64.0,20.600000381469727
2026-02-17,256.4111263393615,68.02057557228277,43.0,20.290000915527344
2026-02-18,220.809162351438,66.19245632749856,68.0,19.6200008392334
2026-02-19,208.63495144422907,63.25011682547243,41.0,20.229999542236328
2026-02-20,263.6388865373416,70.54756505751621,64.0,19.09000015258789
2026-02-23,258.2726623850494,69.06645113178803,39.0,21.010000228881836
2026-02-24,258.8180451875334,70.63053444034331,70.0,19.549999237060547
2026-02-25,266.26626941768524,72.02557800687009,51.0,17.93000030517578
2026-02-26,286.1843441750966,73.48420493715187,54.0,18.6299991607666
2026-02-27,362.2941114856939,67.08301740271511,61.0,19.860000610351562
2026-03-02,263.4177511041478,66.08333342144962,40.0,21.440000534057617
2026-03-03,258.11387231211705,66.72945519427309,28.000000000000004,23.56999969482422
2026-03-04,246.6514269738334,71.79875633840291,65.0,21.149999618530273
2026-03-05,291.7689284585394,68.31769155788938,26.0,23.75
2026-03-06,257.2547324649371,67.50544348659359,33.0,29.489999771118164
2026-03-09,272.8493368007441,66.55629888849344,48.0,25.5
2026-03-10,230.60716322172811,69.26713856494308,38.0,24.93000030517578
2026-03-11,212.11132223675116,69.38468776658449,32.0,24.229999542236328
2026-03-12,245.88117763433667,64.15980130246031,19.0,27.290000915527344
2026-03-13,220.05443914538128,69.4573985724857,50.0,27.190000534057617
2026-03-16,229.75027244352242,71.31487012479202,78.0,23.510000228881836
2026-03-17,217.6791136102919,67.19920482138527,54.0,22.3700008392334
2026-03-18,208.1335751158363,66.82948897017474,11.0,25.09000015258789
2026-03-19,227.12495201306507,67.0313285292831,38.0,24.059999465942383
2026-03-20,456.4364086419208,59.93161703767823,26.0,26.780000686645508
2026-03-23,244.13865276845905,67.76137587179504,76.0,26.149999618530273
2026-03-24,223.88640002819497,68.44405177144547,59.0,26.950000762939453
2026-03-25,210.61333269923372,70.00255544430577,71.0,25.329999923706055
2026-03-26,236.62595764500776,73.67228457051893,34.0,27.440000534057617
2026-03-27,243.7140293814459,69.6096037866158,24.0,31.049999237060547
2026-03-30,244.22718488861798,68.18039010951914,62.0,30.610000610351562
2026-03-31,296.9302148539806,69.91655919692754,82.0,25.25
2026-04-01,247.3669543239931,67.86513883069172,56.99999999999999,24.540000915527344
2026-04-02,202.1312626031741,70.51579270354952,57.99999999999999,23.8700008392334
2026-04-06,168.31914382443637,69.95399821763989,56.99999999999999,24.170000076293945
2026-04-07,213.411843214276,68.31011829740477,40.0,25.780000686645508
2026-04-08,268.7674734417505,69.72710593633305,84.0,21.040000915527344
2026-04-09,217.75207570583305,72.08528091626911,71.0,19.489999771118164
2026-04-10,210.7673970297971,72.70908373401258,16.0,19.229999542236328
2026-04-13,214.86823021516406,68.81012449004582,70.0,19.1200008392334
2026-04-14,256.08965032569216,71.97972816949462,61.0,18.360000610351562
2026-04-15,276.7351067613296,73.75567011650399,46.0,18.170000076293945
2026-04-16,246.41624896822256,72.26207861578602,56.99999999999999,17.940000534057617
2026-04-17,310.17807901565686,70.51179261066925,79.0,17.479999542236328
2026-04-20,218.51090449166216,70.6068107799836,45.0,18.8700008392334
2026-04-21,239.67584028404303,65.8612876114662,24.0,19.5
2026-04-22,235.19424722707697,69.92126891482587,47.0,18.920000076293945
2026-04-23,263.7821515446383,71.95975804023773,52.0,19.309999465942383
2026-04-24,298.7196842236257,76.93021082733223,33.0,18.709999084472656
2026-04-27,266.66534479341124,75.65663449122741,37.0,18.020000457763672
2026-04-28,258.38325485118634,72.5118453273185,54.0,17.829999923706055
2026-04-29,273.9859976554596,72.31163248308549,36.0,18.809999465942383
2026-04-30,400.9329224859931,76.42698872218934,74.0,16.889999389648438
2026-05-01,263.04043481566345,75.43689186410852,37.0,16.989999771118164
2026-05-04,242.79995961266624,71.44931951252119,27.0,18.290000915527344
2026-05-05,257.4657627124345,74.76151817791799,62.0,17.3799991607666
2026-05-06,321.31730033182765,75.05936435887489,64.0,17.389999389648438
2026-05-07,283.517273969481,73.12497427212644,38.0,17.079999923706055
2026-05-08,293.5694609603095,75.58466305124433,36.0,17.190000534057617
2026-05-11,302.4314572289235,75.75550091602334,42.0,18.3799991607666
2026-05-12,281.95635084372185,73.79544802544734,66.0,17.989999771118164
2026-05-13,275.0053264199715,74.74781036614921,41.0,17.8700008392334
2026-05-14,251.96734002977897,75.21854745626932,60.0,17.260000228881836
2026-05-15,286.3245822829871,72.80384664415335,31.0,18.43000030517578
2026-05-18,255.4216298204971,72.14521533358706,69.0,17.81999969482422
2026-05-19,278.6146711523989,71.10451348347561,42.0,18.059999465942383
2026-05-20,277.56627420896206,71.39662358834944,65.0,17.440000534057617
2026-05-21,265.62614581318496,74.98281193701952,60.0,16.760000228881836
2026-05-22,237.73982127235422,74.76756257484368,64.0,16.700000762939453
2026-05-25,,,,16.59000015258789
2026-05-26,273.91570025376086,74.51626950869012,37.0,17.010000228881836
2026-05-27,265.9244974859917,73.34044052557434,53.0,16.290000915527344
2026-05-28,273.7774378447308,71.97625284371256,53.0,15.739999771118164
2026-05-29,453.05800919453463,72.89231379550367,43.0,15.319999694824219
2026-06-01,338.84845403415966,77.24294642359804,32.0,16.049999237060547
2026-06-02,304.7517685352117,76.61912516499126,44.0,15.770000457763672
2026-06-03,321.2652593571413,76.23987998892854,37.0,16.059999465942383
2026-06-04,310.57870009254026,73.28170780358319,69.0,15.399999618530273
2026-06-05,345.359286476193,75.11771609245422,50.0,21.510000228881836
2026-06-08,266.965617284586,74.33672954961737,35.0,18.920000076293945
2026-06-09,305.61057009964946,73.76544545667055,64.0,19.8700008392334
2026-06-10,268.9921794667987,72.85723137223647,37.0,22.219999313354492
2026-06-11,299.2629024902489,74.51861886897304,64.0,19.440000534057617
2026-06-12,257.9839231386011,74.22491836326691,74.0,17.68000030517578
2026-06-15,280.71545339724537,70.98260393319488,51.0,16.200000762939453
2026-06-16,249.71695078325172,70.48070488695595,59.0,16.40999984741211
2026-06-17,267.7382966005794,70.58481177714494,16.0,18.440000534057617
2026-06-18,502.75781696513525,68.92224320678794,45.0,16.399999618530273
2026-06-22,301.6156265845913,72.32510306594845,47.0,17.280000686645508
2026-06-23,295.96795301601503,72.74404213870257,62.0,19.489999771118164
2026-06-24,290.00399168974104,71.54532792755663,50.0,18.6299991607666
2026-06-25,313.29007838661033,73.35829907131478,52.0,18.889999389648438
2026-06-26,615.7668138890914,73.20109109060806,62.0,18.40999984741211
2026-06-29,300.4044986030512,73.86854824039422,47.0,17.649999618530273
2026-06-30,316.8222453866636,71.64179911665549,33.0,16.450000762939453
2026-07-01,304.8543412573776,72.60340968320101,57.99999999999999,16.59000015258789
2026-07-02,295.5934410404296,74.1956140933238,75.0,16.149999618530273
2026-07-06,266.3960811070431,70.68770999547112,42.0,15.569999694824219
2026-07-07,247.78865844734287,71.39809586662005,60.0,16.1299991607666
2026-07-08,236.51787217345293,69.05037685770702,18.0,16.899999618530273
2026-07-09,250.9671170588057,72.05696417058017,56.99999999999999,15.84000015258789
2026-07-10,218.9973306112236,74.87694696952903,68.0,15.029999732971191
2026-07-13,221.21730287177982,72.24415780111201,56.00000000000001,17.15999984741211
2026-07-14,240.4637172992997,71.70096845991684,31.0,16.5
2026-07-15,270.11351411448425,70.77117329978611,59.0,15.670000076293945
2026-07-16,281.15326440684015,68.90472335894229,75.0,16.729999542236328
2026-07-17,285.9041909137203,69.85206565413628,28.000000000000004,18.770000457763672
2026-07-20,214.53333778265247,68.15433456515629,34.0,18.649999618530273
2026-07-21,229.2730889672903,66.61616445509185,45.0,17.049999237060547
2026-07-22,229.75184223674927,71.08631739599531,51.0,16.639999389648438
2026-07-23,291.39462007679236,73.67289985275195,36.0,18.700000762939453
2026-07-24,236.6169276439104,73.350251236614,76.0,18.579999923706055
2026-07-27,244.538240147769,70.70150188659909,68.0,18.670000076293945
2026-07-28,276.07104805563944,66.71032151777001,81.0,18.209999084472656
2026-07-29,278.36914963653516,69.15673167309355,34.0,20.65999984741211
2026-07-30,335.6728596942566,76.60899301728813,38.0,17.09000015258789
2026-07-31,324.13995153601746,77.16763845337246,51.0,15.989999771118164
2026-08-03,296.55311221730625,75.42907434615834,64.0,15.859999656677246
2026-08-04,313.42302256952746,72.15409313673311,75.0,16.5
2026-08-05,272.54685637977184,71.60501010162231,54.0,15.8100004196167
2026-08-06,219.56190142398853,68.08192999470928,43.0,15.149999618530273
2026-08-07,207.17506484602907,70.12966472729265,67.0,14.899999618530273
2026-08-10,212.0425982421152,68.77253969802773,56.00000000000001,15.460000038146973
2026-08-11,198.21098814337788,71.39052761365473,53.0,15.279999732971191
2026-08-12,213.6040798991415,73.11029078763089,53.0,14.550000190734863
2026-08-13,202.77900776483554,72.05140146052648,68.0,14.630000114440918
2026-08-14,184.9518203615944,71.0521715003546,48.0,14.25
2026-08-17,212.52710410714363,68.94820697075737,24.0,15.1899995803833
2026-08-18,225.01190613613244,70.25502599238962,61.0,15.84000015258789
2026-08-19,237.28598261070138,65.96268751692757,59.0,14.890000343322754
2026-08-20,208.38325260351945,60.99507524298651,23.0,16.010000228881836
2026-08-21,219.41770618441103,66.35048281114075,69.0,15.130000114440918
2026-08-24,204.13634411631853,68.36429928326511,65.0,15.850000381469727
2026-08-25,187.85698424604254,67.80275360509826,46.0,15.449999809265137
2026-08-26,215.6454036314184,71.52820478760849,48.0,15.210000038146973
2026-08-27,269.56071953641987,75.74661653753367,24.0,14.510000228881836
2026-08-28,226.27747613121477,75.80029853945175,54.0,14.430000305175781
2026-08-31,248.9104873206755,67.91285614804153,28.000000000000004,14.920000076293945
2026-09-01,209.55292493677865,68.79752288987724,33.0,16.34000015258789
2026-09-02,211.48960588864003,69.04729717809812,68.0,15.199999809265137
2026-09-03,236.96256868786566,73.52119968046759,63.0,14.319999694824219
2026-09-04,220.03775188143163,74.66097077307535,27.0,14.529999732971191
2026-09-07,,,,15.300000190734863
2026-09-08,244.386242454908,72.41953448824832,27.0,15.720000267028809
2026-09-09,230.89539763884602,73.36072345180136,22.0,16.459999084472656
2026-09-10,218.73659670961524,72.97063272615665,36.0,17.84000015258789
2026-09-11,208.0709125534441,71.54612820564176,70.0,15.84000015258789
2026-09-14,240.5942260693427,72.01609662697349,57.99999999999999,17.100000381469727
2026-09-15,209.76177538192024,66.68057818595207,32.0,17.200000762939453
2026-09-16,214.0828070827574,67.31136517023567,33.0,17.709999084472656
2026-09-17,227.05188188036854,69.31129867498767,61.0,15.4399995803833
