date,turnover,top3_ind,rise_pct,margin_pct,pct_turnover,pct_top3_ind,pct_rise_pct,pct_margin_pct,composite_sentiment
2023-03-20,163.15,69.43,80.0,24.15,77.38,68.65,,35.32,60.45
2023-03-21,171.64,70.01,71.0,21.38,83.07,72.83,71.03,61.81,72.19
2023-03-22,168.1,73.62,3.0,22.26,81.64,93.36,3.54,51.95,57.62
2023-03-23,168.35,70.97,48.0,22.61,81.78,81.78,46.09,45.74,63.85
2023-03-24,145.47,68.16,67.0,21.74,53.46,54.23,65.12,58.08,57.72
2023-03-27,134.54,68.41,66.0,20.6,32.44,56.11,64.23,70.61,55.85
2023-03-28,113.12,68.09,48.0,19.97,7.2,52.65,45.42,79.92,46.3
2023-03-29,131.54,69.49,92.0,19.12,25.94,68.05,89.77,88.35,68.03
2023-03-30,128.09,69.66,69.0,19.02,22.01,69.03,68.8,90.67,62.63
2023-03-31,165.61,69.93,93.0,18.7,78.89,71.48,90.3,93.7,83.59
2023-04-03,147.17,67.56,66.0,18.55,56.99,45.96,62.96,95.22,65.28
2023-04-04,130.32,66.97,28.0,19.0,25.18,36.86,27.94,89.42,44.85
2023-04-05,140.26,65.64,48.0,19.08,43.12,20.65,44.53,86.96,48.81
2023-04-06,133.73,68.09,55.0,18.4,32.01,52.88,55.43,96.76,59.27
2023-04-10,120.14,70.62,54.0,18.97,9.64,78.93,53.96,88.93,57.86
2023-04-11,121.79,68.13,56.0,19.1,13.83,52.84,57.14,84.75,52.14
2023-04-12,133.1,69.75,38.0,19.09,31.34,70.07,35.82,84.86,55.52
2023-04-13,132.27,68.01,84.0,17.8,28.32,50.0,81.34,99.65,64.83
2023-04-14,128.57,66.67,38.0,17.07,23.26,32.29,35.66,99.65,47.72
2023-04-17,124.73,66.34,75.0,16.95,18.97,27.24,73.96,99.66,54.96
2023-04-18,132.81,65.44,52.0,16.83,32.53,18.84,51.38,99.66,50.6
2023-04-19,127.34,67.75,54.0,16.46,22.11,48.64,53.77,99.66,56.04
2023-04-20,148.5,70.3,31.0,17.17,60.47,77.36,28.91,96.96,65.93
2023-04-21,134.79,64.66,56.0,16.77,37.92,11.07,57.77,98.99,51.44
2023-04-24,121.58,68.52,61.0,16.89,12.33,57.67,62.08,97.67,57.44
2023-04-25,143.3,67.38,17.0,18.76,53.97,42.72,15.0,85.76,49.36
2023-04-26,159.38,70.44,17.0,18.84,75.99,78.62,15.23,84.54,63.59
2023-04-27,174.52,72.04,92.0,17.03,87.25,89.87,90.13,96.41,90.92
2023-04-28,157.73,68.12,81.0,15.78,75.0,52.92,79.41,99.68,76.75
2023-05-01,133.55,69.45,51.0,16.08,33.23,67.42,49.03,99.03,62.18
2023-05-02,142.66,66.29,15.0,17.78,52.24,24.68,13.23,93.27,45.85
2023-05-03,145.89,68.13,22.0,18.34,58.28,53.82,21.15,90.13,55.85
2023-05-04,140.0,69.28,27.0,20.09,44.62,66.14,25.48,65.51,50.44
2023-05-05,143.7,72.24,93.0,17.19,54.4,90.88,91.46,93.4,82.53
2023-05-08,120.42,72.05,42.0,16.98,10.31,89.69,39.94,95.31,58.81
2023-05-09,116.56,67.39,34.0,17.71,7.76,41.3,33.44,92.24,43.69
2023-05-10,144.13,73.23,47.0,16.94,55.86,93.52,43.17,95.99,72.13
2023-05-11,141.43,73.75,35.0,16.93,50.0,94.79,33.64,96.01,68.61
2023-05-12,126.36,71.72,42.0,17.03,21.65,87.5,40.49,93.29,60.73
2023-05-15,113.42,70.05,57.0,17.12,6.36,73.64,60.98,91.82,58.2
2023-05-16,134.32,72.62,17.0,17.99,37.05,91.27,14.85,87.65,57.7
2023-05-17,149.56,70.12,77.0,16.87,64.37,73.35,77.41,96.71,77.96
2023-05-18,168.98,73.58,64.0,16.05,86.01,93.75,64.97,99.11,85.96
2023-05-19,156.95,70.62,44.0,16.81,75.44,77.22,41.37,96.75,72.69
2023-05-22,145.47,71.37,48.0,17.21,57.94,85.0,45.27,88.53,69.18
2023-05-23,159.2,70.2,26.0,18.53,76.9,72.81,23.53,80.99,63.56
2023-05-24,154.48,73.79,18.0,20.03,71.8,95.06,16.67,61.34,61.22
2023-05-25,215.84,78.7,46.0,19.14,97.4,99.71,43.6,69.08,77.45
2023-05-26,200.87,78.86,68.0,17.95,95.69,99.71,69.94,85.92,87.82
2023-05-30,201.52,78.66,39.0,17.46,95.71,98.57,37.07,88.29,79.91
2023-05-31,278.13,69.45,40.0,17.94,99.15,62.22,38.0,85.51,71.22
2023-06-01,186.8,75.33,77.0,15.65,91.81,96.89,78.41,99.72,91.71
2023-06-02,184.29,72.99,90.0,14.6,89.61,89.04,88.7,99.72,91.77
2023-06-05,165.22,77.78,41.0,14.73,78.49,98.04,39.04,99.16,78.69
2023-06-06,157.07,74.49,55.0,13.96,73.06,93.06,57.54,99.72,80.84
2023-06-07,203.01,76.4,63.0,13.94,95.86,97.51,65.0,99.72,89.52
2023-06-08,162.86,75.71,55.0,13.65,76.1,96.98,57.18,99.73,82.5
2023-06-09,171.89,79.55,51.0,13.83,83.88,99.73,51.1,99.18,83.47
2023-06-12,173.02,77.04,59.0,15.01,83.97,97.01,63.66,96.47,85.28
2023-06-13,194.22,78.46,74.0,14.61,92.7,97.57,75.82,97.03,90.78
2023-06-14,213.72,75.87,44.0,13.88,96.51,95.43,40.54,98.66,82.78
2023-06-15,208.74,76.76,92.0,14.5,95.45,95.99,91.13,97.06,94.91
2023-06-16,295.96,70.11,42.0,13.54,99.2,65.69,38.77,99.73,75.85
2023-06-20,189.17,73.28,19.0,13.88,90.21,85.98,15.96,97.88,72.51
2023-06-21,195.5,77.55,40.0,13.2,91.84,96.58,35.98,99.74,81.03
2023-06-22,172.47,77.42,42.0,12.91,80.89,96.07,39.47,99.74,79.04
2023-06-23,216.91,71.58,18.0,13.44,97.14,77.86,15.18,98.7,72.22
2023-06-26,174.56,77.21,52.0,14.25,82.64,95.6,53.65,94.56,81.61
2023-06-27,170.96,75.88,72.0,13.74,78.61,93.56,75.65,97.16,86.24
2023-06-28,169.42,76.42,42.0,13.43,78.21,94.1,39.43,98.72,77.61
2023-06-29,148.26,72.61,71.0,13.54,53.83,80.87,74.36,97.45,76.63
2023-06-30,180.16,71.87,88.0,13.59,84.52,77.41,87.24,96.7,86.47
2023-07-03,102.09,76.57,71.0,13.57,2.78,94.19,73.86,96.72,66.89
2023-07-05,156.65,72.63,46.0,14.18,65.58,81.16,43.18,92.21,70.53
2023-07-06,158.63,73.08,9.0,15.44,68.25,82.25,8.79,88.75,62.01
2023-07-07,147.37,70.62,35.0,14.83,52.99,66.92,30.5,89.3,59.93
2023-07-10,164.04,76.52,75.0,15.07,72.52,93.81,77.11,88.37,82.95
2023-07-11,143.55,71.75,81.0,14.84,46.06,75.62,82.18,88.92,73.19
2023-07-12,173.25,73.53,73.0,13.54,81.13,84.07,75.62,97.3,84.53
2023-07-13,169.71,73.71,73.0,13.61,78.29,85.12,75.49,95.37,83.57
2023-07-14,188.78,74.81,38.0,13.34,89.56,87.62,32.44,98.79,77.1
2023-07-17,175.57,76.39,48.0,13.48,82.85,92.51,45.63,97.34,79.58
2023-07-18,203.29,72.99,65.0,13.3,94.47,79.57,65.7,98.8,84.63
2023-07-19,204.19,76.25,66.0,13.76,94.5,92.11,66.59,92.58,86.44
2023-07-20,209.28,76.44,65.0,13.99,95.0,93.57,65.31,89.76,85.91
2023-07-21,291.67,78.64,59.0,13.6,98.82,97.87,61.9,94.08,88.17
2023-07-24,166.28,71.64,72.0,13.91,71.93,71.93,75.12,90.33,77.33
2023-07-25,168.84,69.11,47.0,13.86,74.88,48.59,42.92,91.31,64.43
2023-07-26,192.25,70.71,56.0,13.19,89.02,64.25,57.75,99.3,77.58
2023-07-27,197.85,72.28,35.0,14.41,90.47,75.58,28.74,86.74,70.38
2023-07-28,172.79,73.39,67.0,13.33,77.55,81.25,68.14,97.92,81.21
2023-07-31,154.95,67.07,61.0,13.63,60.14,27.88,62.5,92.4,60.73
2023-08-01,141.9,69.09,30.0,13.93,40.14,47.94,24.19,88.3,50.14
2023-08-02,179.61,73.66,26.0,16.09,82.42,83.33,20.41,79.22,66.35
2023-08-03,157.28,71.66,38.0,15.92,63.41,71.59,31.96,80.23,61.8
2023-08-04,180.74,75.84,25.0,17.1,83.03,90.27,19.32,72.62,66.31
2023-08-07,154.04,73.3,90.0,15.77,57.88,80.41,90.27,80.86,77.35
2023-08-08,155.7,70.67,27.0,15.99,60.31,62.56,21.85,79.6,56.08
2023-08-09,159.66,71.49,36.0,15.96,65.85,68.97,30.72,79.69,61.31
2023-08-10,158.45,72.05,51.0,15.85,63.78,73.11,50.67,80.22,66.95
2023-08-11,141.96,73.75,57.0,14.84,39.16,83.85,60.22,83.19,66.6
2023-08-14,158.03,74.12,51.0,14.82,63.66,84.8,50.44,83.92,70.71
2023-08-15,155.99,73.51,8.0,16.46,59.87,80.92,6.61,76.32,55.93
2023-08-16,156.42,72.75,16.0,16.78,60.04,76.2,10.31,75.33,55.47
2023-08-17,171.19,69.61,30.0,17.89,76.3,49.78,25.33,65.87,54.32
2023-08-18,172.43,72.34,55.0,17.3,77.27,73.81,56.96,68.18,69.06
2023-08-21,182.66,76.95,46.0,17.13,84.27,95.04,42.86,69.61,72.94
2023-08-22,156.2,75.41,30.0,16.97,59.01,88.63,25.22,72.32,61.29
2023-08-23,178.84,75.75,79.0,15.98,82.26,89.96,82.83,78.85,83.48
2023-08-24,192.59,77.47,14.0,17.2,89.57,96.38,9.62,67.87,65.86
2023-08-25,167.89,79.05,83.0,15.68,71.4,99.36,84.89,81.14,84.2
2023-08-28,137.27,77.46,81.0,15.08,29.75,95.57,83.69,82.07,72.77
2023-08-29,169.47,78.93,87.0,14.45,74.16,98.95,87.76,86.34,86.8
2023-08-30,160.48,79.07,59.0,13.88,65.48,99.37,62.82,90.17,79.46
2023-08-31,179.28,74.05,33.0,13.57,82.29,81.88,27.82,94.58,71.64
2023-09-01,149.83,76.58,66.0,13.09,48.76,92.32,67.92,99.38,77.09
2023-09-05,153.77,73.29,25.0,14.01,54.34,76.24,19.09,86.57,59.06
2023-09-06,155.85,73.87,33.0,14.45,57.41,81.28,28.1,84.77,62.89
2023-09-07,167.35,76.12,45.0,14.4,70.7,89.14,41.98,85.45,71.82
2023-09-08,148.5,74.51,60.0,13.84,46.33,82.65,63.73,90.41,70.78
2023-09-11,173.89,77.1,70.0,13.8,78.66,93.7,73.47,90.85,84.17
2023-09-12,161.78,75.42,46.0,14.23,65.79,85.63,42.89,85.22,69.88
2023-09-13,160.35,73.42,55.0,13.48,64.72,75.6,56.48,95.97,73.19
2023-09-14,165.12,71.63,83.0,12.82,67.67,64.06,85.08,99.8,79.15
2023-09-15,275.26,66.56,15.0,13.79,98.2,19.8,9.64,90.2,54.46
2023-09-18,143.19,74.98,43.0,14.0,37.65,83.86,39.4,85.06,61.49
2023-09-19,139.31,73.64,36.0,14.11,29.96,77.58,31.08,84.33,55.74
2023-09-20,146.11,75.26,26.0,15.14,43.85,84.72,20.24,76.79,56.4
2023-09-21,171.69,73.87,7.0,17.54,75.99,79.17,4.76,61.31,55.31
2023-09-22,154.7,74.12,27.0,17.2,53.77,79.96,21.43,62.7,54.46
2023-09-25,129.26,74.21,61.0,16.9,16.87,80.36,64.48,68.06,57.44
2023-09-26,146.24,73.3,8.0,18.94,43.45,72.82,5.56,49.8,42.91
2023-09-27,164.14,72.62,40.0,18.22,66.87,68.06,35.12,56.94,56.75
2023-09-28,151.44,72.81,68.0,17.34,50.6,68.85,71.23,60.91,62.9
2023-09-29,162.09,72.61,34.0,17.52,64.88,66.87,28.57,60.12,55.11
2023-10-02,150.89,70.75,33.0,17.61,49.01,54.17,26.79,59.33,47.32
2023-10-03,151.15,70.44,20.0,19.78,49.01,50.99,13.69,40.67,38.59
2023-10-04,150.46,72.15,68.0,18.58,47.42,63.69,71.83,51.79,58.68
2023-10-05,144.13,71.21,39.0,18.49,37.9,56.94,34.52,53.17,45.63
2023-10-06,170.53,70.23,84.0,17.45,74.4,48.61,87.7,60.52,67.81
2023-10-09,137.21,70.17,72.0,17.7,25.99,47.42,77.38,58.53,52.33
2023-10-10,152.58,70.9,72.0,17.03,50.6,54.17,77.18,65.28,61.81
2023-10-11,151.64,68.71,50.0,16.09,49.8,34.72,47.82,71.43,50.94
2023-10-12,163.7,72.91,25.0,16.69,65.67,69.25,16.87,70.04,55.46
2023-10-13,159.47,68.06,39.0,19.32,60.91,29.17,33.93,40.28,41.07
2023-10-16,143.17,68.23,88.0,17.21,33.93,32.34,91.07,60.32,54.41
2023-10-17,167.96,71.4,63.0,17.88,70.83,57.74,64.88,54.96,62.1
2023-10-18,168.0,70.33,18.0,19.22,70.83,47.82,10.91,39.48,42.26
2023-10-19,185.78,74.17,22.0,21.4,86.31,79.96,14.88,23.61,51.19
2023-10-20,174.88,71.09,18.0,21.71,79.96,54.56,11.11,21.23,41.72
2023-10-23,160.0,72.11,33.0,20.37,60.91,62.5,26.39,30.75,45.14
2023-10-24,156.66,70.39,69.0,18.97,54.56,47.02,73.81,44.05,54.86
2023-10-25,188.58,73.05,30.0,20.19,87.9,69.64,23.61,31.55,53.17
2023-10-26,199.28,72.69,32.0,20.68,91.47,66.87,25.4,26.79,52.63
2023-10-27,174.21,69.85,24.0,21.27,77.58,40.28,16.47,22.82,39.29
2023-10-30,158.66,70.27,93.0,19.75,57.74,45.04,96.83,35.91,58.88
2023-10-31,159.03,67.1,81.0,18.14,58.13,19.25,86.51,52.98,54.22
2023-11-01,172.25,71.97,66.0,16.87,75.6,60.12,68.85,67.86,68.11
2023-11-02,174.69,69.98,93.0,15.66,79.56,40.67,97.02,75.6,73.21
2023-11-03,166.06,70.22,77.0,14.91,66.47,44.25,82.74,77.98,67.86
2023-11-06,147.5,70.92,40.0,14.89,38.29,51.39,35.71,77.98,50.84
2023-11-07,150.64,72.89,42.0,14.81,43.85,67.66,38.49,79.56,57.39
2023-11-08,145.36,69.99,45.0,14.45,34.72,39.48,42.26,81.55,49.5
2023-11-09,167.2,73.7,15.0,15.29,67.26,75.99,6.94,74.8,56.25
2023-11-10,167.13,75.21,90.0,14.17,66.87,84.33,93.25,83.93,82.09
2023-11-13,145.83,72.43,40.0,14.76,35.52,62.9,35.91,78.77,53.27
2023-11-14,187.62,71.77,89.0,14.16,87.5,57.74,92.46,83.93,80.41
2023-11-15,188.13,72.54,63.0,14.18,87.5,62.9,66.27,82.94,74.9
2023-11-16,174.73,71.19,52.0,14.32,79.56,51.79,53.57,81.55,66.62
2023-11-17,165.58,73.27,58.0,13.8,65.28,70.04,62.1,89.68,71.78
2023-11-20,170.28,73.13,69.0,13.41,72.02,69.25,74.8,96.63,78.17
2023-11-21,165.21,75.2,41.0,13.35,63.69,83.93,36.71,96.63,70.24
2023-11-22,166.98,77.74,70.0,12.85,66.07,95.83,75.79,99.4,84.28
2023-11-24,76.56,76.87,81.0,12.46,0.6,92.26,87.1,99.8,69.94
2023-11-27,155.36,73.3,30.0,12.69,47.82,70.04,22.62,99.4,59.97
2023-11-28,154.35,73.43,59.0,12.69,45.44,71.23,63.49,99.21,69.84
2023-11-29,166.04,72.76,54.0,12.98,64.88,63.29,54.96,97.42,70.14
2023-11-30,218.7,68.28,73.0,12.92,97.02,24.01,80.75,97.42,74.8
2023-12-01,170.94,69.79,79.0,12.63,72.42,32.34,85.52,99.4,72.42
2023-12-04,167.63,71.43,49.0,13.08,66.87,50.2,47.82,96.23,65.28
2023-12-05,167.62,72.61,35.0,12.85,66.47,60.52,28.97,97.62,63.39
2023-12-06,158.13,68.58,46.0,12.97,52.18,23.61,43.45,96.23,53.87
2023-12-07,173.54,73.12,64.0,13.06,76.79,66.87,67.46,95.44,76.64
2023-12-08,162.45,72.41,62.0,12.35,57.74,58.13,65.08,99.8,70.19
2023-12-11,194.54,73.97,72.0,12.63,90.28,76.79,78.97,98.81,86.21
2023-12-12,181.07,73.1,63.0,12.07,82.74,65.67,66.07,99.8,78.57
2023-12-13,214.49,70.69,91.0,12.19,95.83,40.67,95.44,99.4,82.84
2023-12-14,256.22,69.26,57.0,12.48,97.42,25.2,59.13,98.21,69.99
2023-12-15,366.42,64.46,40.0,12.28,99.8,2.58,34.13,99.01,58.88
2023-12-18,187.1,70.69,60.0,12.56,85.12,40.67,63.1,97.42,71.58
2023-12-19,175.07,69.09,78.0,12.53,78.37,23.21,84.72,97.42,70.93
2023-12-20,188.35,69.16,5.0,13.67,86.31,24.01,1.79,82.74,48.71
2023-12-21,151.09,71.49,93.0,13.65,37.1,48.21,98.02,82.94,66.57
2023-12-22,128.4,72.22,73.0,13.03,8.53,55.36,80.16,92.26,59.08
2023-12-26,109.28,74.18,79.0,12.99,2.98,78.37,85.32,92.26,64.73
2023-12-27,129.02,74.25,66.0,12.43,9.33,78.77,69.05,98.21,63.84
2023-12-28,123.45,74.43,69.0,12.47,6.15,79.17,74.01,97.42,64.19
2023-12-29,141.65,75.53,31.0,12.45,21.23,85.52,21.03,97.82,56.4
2024-01-02,181.75,70.33,58.0,13.2,81.55,35.91,59.33,88.49,66.32
2024-01-03,172.12,68.58,27.0,14.04,71.23,19.25,17.46,72.42,45.09
2024-01-04,164.42,69.11,47.0,14.13,56.94,22.82,42.66,71.63,48.51
2024-01-05,153.26,71.05,61.0,13.35,37.9,43.85,63.49,86.51,57.94
2024-01-08,185.78,69.01,83.0,13.08,83.13,20.83,89.48,89.68,70.78
2024-01-09,181.35,71.48,35.0,12.76,80.75,47.02,26.39,93.85,62.0
2024-01-10,165.34,72.55,54.0,12.69,57.74,57.34,51.98,94.25,65.33
2024-01-11,180.84,73.38,38.0,12.44,79.96,68.45,29.96,97.82,69.05
2024-01-12,160.9,68.44,53.0,12.7,50.99,16.07,51.79,93.06,52.98
2024-01-16,195.95,70.12,24.0,13.84,90.28,30.36,12.9,74.6,52.03
2024-01-17,173.39,70.71,22.0,14.79,72.02,38.69,11.9,61.71,46.08
2024-01-18,197.35,72.52,65.0,14.13,90.28,56.15,68.45,68.65,70.88
2024-01-19,227.2,73.7,81.0,13.3,96.63,72.82,88.1,85.71,85.81
2024-01-22,206.41,71.86,61.0,13.19,93.06,49.4,63.69,86.9,73.26
2024-01-23,171.62,69.05,65.0,12.55,66.47,18.06,68.25,95.44,62.05
2024-01-24,224.41,75.42,39.0,13.14,96.23,84.72,31.35,86.71,74.75
2024-01-25,235.41,72.27,79.0,13.45,96.63,52.98,86.11,81.15,79.22
2024-01-26,189.41,71.22,55.0,13.26,85.12,42.26,54.76,84.72,66.72
2024-01-29,185.63,72.2,70.0,13.6,79.96,51.39,76.79,76.98,71.28
2024-01-30,205.59,70.88,57.0,13.31,91.87,37.9,58.33,83.53,67.91
2024-01-31,235.92,70.52,17.0,14.35,96.63,32.74,6.94,62.1,49.6
2024-02-01,201.04,70.94,76.0,13.88,89.48,39.09,83.53,69.84,70.49
2024-02-02,257.71,78.62,46.0,13.85,97.42,96.63,41.67,70.83,76.64
2024-02-05,230.69,75.21,22.0,13.67,95.83,82.34,12.1,74.21,66.12
2024-02-06,202.02,73.93,64.0,13.06,89.88,74.4,67.26,88.1,79.91
2024-02-07,195.23,72.29,71.0,12.83,85.91,53.37,77.78,91.47,77.13
2024-02-08,177.53,70.0,41.0,12.79,73.21,25.6,34.92,91.87,56.4
2024-02-09,177.59,73.08,53.0,12.93,73.21,62.9,51.19,89.09,69.1
2024-02-12,185.38,75.45,63.0,13.93,78.37,84.72,65.67,65.87,73.66
2024-02-13,200.12,73.54,9.0,15.85,87.9,70.04,3.97,46.83,52.18
2024-02-14,175.52,73.41,73.0,14.38,71.23,67.66,81.55,58.53,69.74
2024-02-15,193.71,73.8,76.0,14.01,83.93,74.4,83.73,63.49,76.39
2024-02-16,194.97,73.55,33.0,14.24,85.12,70.04,22.62,59.33,59.28
2024-02-20,209.97,72.45,42.0,15.42,92.66,54.96,36.31,48.21,58.04
2024-02-21,179.57,74.21,67.0,15.34,72.82,78.77,72.02,48.21,67.96
2024-02-22,236.72,78.63,72.0,14.54,96.63,96.63,78.97,54.96,81.8
2024-02-23,204.39,77.9,73.0,13.75,90.28,95.44,80.95,71.63,84.57
2024-02-26,179.79,75.75,27.0,13.74,72.42,85.52,16.47,71.83,61.56
2024-02-27,161.05,73.21,61.0,13.43,44.25,62.9,61.9,79.37,62.1
2024-02-28,160.4,71.36,57.0,13.84,43.06,40.67,56.55,68.06,52.08
2024-02-29,252.16,73.0,52.0,13.4,96.63,60.12,48.41,79.96,71.28
2024-03-01,202.45,74.97,58.0,13.11,88.29,79.96,57.74,85.12,77.78
2024-03-04,233.28,75.65,57.0,13.49,95.04,84.33,56.35,76.39,78.03
2024-03-05,222.87,75.06,40.0,14.46,93.45,79.96,31.15,52.58,64.29
2024-03-06,216.63,74.66,67.0,14.5,92.26,78.37,71.83,51.98,73.61
2024-03-07,219.38,75.55,65.0,14.44,93.06,83.93,67.66,53.77,74.6
2024-03-08,273.78,79.92,50.0,14.74,97.42,99.8,45.04,49.4,72.92
2024-03-11,203.91,76.0,66.0,15.22,87.1,86.31,69.64,43.85,71.73
2024-03-12,216.81,76.03,63.0,13.84,91.47,86.31,63.89,66.67,77.08
2024-03-13,205.39,74.79,55.0,13.75,87.5,76.79,51.39,69.44,71.28
2024-03-14,231.29,75.1,29.0,14.4,94.25,78.37,16.47,53.57,60.66
2024-03-15,377.36,64.11,32.0,14.41,99.8,0.6,19.84,52.78,43.25
2024-03-18,223.09,75.79,67.0,14.33,92.26,84.33,72.42,54.56,75.89
2024-03-19,201.48,74.82,80.0,13.82,83.13,76.39,88.89,67.26,78.92
2024-03-20,189.48,73.15,82.0,13.04,76.79,57.74,91.47,87.1,78.27
2024-03-21,211.94,74.19,58.0,12.92,88.69,72.42,57.14,89.29,76.88
2024-03-22,193.06,75.09,28.0,13.06,77.18,77.58,15.48,85.91,64.04
2024-03-25,183.15,74.36,38.0,13.19,70.04,73.21,26.59,82.74,63.14
2024-03-26,188.6,73.85,50.0,13.24,74.4,67.66,44.25,81.15,66.87
2024-03-27,190.12,73.41,88.0,12.78,75.99,60.91,94.25,91.87,80.75
2024-03-28,187.48,71.63,71.0,13.01,72.02,36.71,77.38,86.71,68.2
2024-04-01,166.55,74.25,28.0,13.65,46.63,72.42,15.67,68.85,50.89
2024-04-02,185.11,70.07,21.0,14.61,69.25,19.64,8.53,44.44,35.47
2024-04-03,169.81,70.06,44.0,14.33,51.79,19.25,37.9,50.79,39.93
2024-04-04,204.02,74.13,15.0,16.35,85.12,70.04,3.57,29.56,47.07
2024-04-05,181.79,75.14,76.0,16.03,67.26,77.98,85.12,31.15,65.38
2024-04-08,148.52,70.93,47.0,15.19,20.44,29.56,42.46,37.5,32.49
2024-04-09,168.27,74.47,63.0,14.98,48.61,73.21,65.28,39.09,56.55
2024-04-10,168.61,71.11,19.0,15.8,48.61,30.36,8.33,32.74,30.01
2024-04-11,184.03,72.95,45.0,14.91,68.06,50.6,39.48,39.29,49.36
2024-04-12,193.15,71.58,5.0,17.31,76.79,33.93,0.4,15.28,31.6
2024-04-15,191.99,72.29,23.0,19.23,75.2,42.26,11.71,4.56,33.43
2024-04-16,176.44,69.45,37.0,18.4,60.52,13.29,27.58,8.53,27.48
2024-04-17,174.15,70.44,44.0,18.21,56.55,22.42,38.89,9.72,31.89
2024-04-18,171.37,71.3,54.0,18.0,50.99,30.36,51.59,10.52,35.86
2024-04-19,244.34,74.41,69.0,18.71,95.83,72.42,75.79,7.34,62.85
2024-04-22,188.48,72.61,83.0,16.94,71.63,45.44,92.86,23.02,58.23
2024-04-23,176.3,69.24,76.0,15.69,59.33,10.12,84.92,33.13,46.88
2024-04-24,206.88,72.98,51.0,15.97,86.71,50.2,47.82,29.96,53.67
2024-04-25,235.48,75.94,31.0,15.37,94.64,85.52,20.24,35.12,58.88
2024-04-26,214.33,77.17,56.0,15.03,88.29,91.87,54.37,37.9,68.11
2024-04-29,204.45,79.45,64.0,14.67,84.33,99.01,67.06,43.45,73.46
2024-04-30,208.9,71.95,9.0,15.65,86.31,35.52,2.58,32.94,39.34
2024-05-01,219.77,73.31,48.0,15.39,91.07,56.15,45.04,33.93,56.55
2024-05-02,187.28,70.37,71.0,14.68,67.26,18.06,78.37,43.06,51.69
2024-05-03,199.51,72.18,71.0,13.49,77.98,37.1,78.17,73.41,66.67
2024-05-06,171.04,71.85,73.0,13.49,46.23,33.53,82.74,73.21,58.93
2024-05-07,181.31,72.12,66.0,13.23,60.91,36.71,70.24,80.36,62.05
2024-05-08,147.07,68.89,55.0,13.0,11.31,5.36,51.79,86.71,38.79
2024-05-09,152.13,69.74,71.0,12.69,16.87,10.12,77.98,93.25,49.55
2024-05-10,147.61,71.43,61.0,12.55,11.71,28.77,60.71,95.24,49.11
2024-05-13,147.26,70.71,50.0,13.6,10.52,22.42,44.05,68.06,36.26
2024-05-14,156.11,70.08,61.0,13.42,21.63,13.69,60.52,74.4,42.56
2024-05-15,197.61,73.25,73.0,12.45,76.79,53.77,82.94,97.22,77.68
2024-05-16,175.27,68.76,48.0,12.42,54.17,4.96,41.67,98.21,49.75
2024-05-17,159.01,71.67,59.0,11.99,25.6,33.53,57.34,99.8,54.07
2024-05-20,147.66,72.18,35.0,12.15,10.91,38.29,23.21,99.01,42.86
2024-05-21,165.88,72.68,51.0,11.86,35.12,46.23,45.44,99.8,56.65
2024-05-22,177.55,75.28,40.0,12.29,56.15,78.37,30.16,97.42,65.53
2024-05-23,228.79,78.08,6.0,12.77,92.66,94.64,0.99,88.69,69.25
2024-05-24,158.35,76.0,61.0,11.93,23.61,84.72,60.71,99.4,67.11
2024-05-28,205.47,77.41,34.0,12.92,83.93,91.87,21.83,84.72,70.59
2024-05-29,193.38,75.95,12.0,14.28,73.21,84.33,3.77,44.64,51.49
2024-05-30,204.04,76.41,67.0,14.47,81.94,87.5,72.02,38.69,70.04
2024-05-31,299.1,70.66,88.0,12.92,99.01,19.25,95.63,84.52,74.6
2024-06-03,188.45,74.19,39.0,13.11,67.66,67.66,28.17,77.78,60.32
2024-06-04,170.54,72.51,58.0,13.16,43.45,41.87,55.75,76.79,54.46
2024-06-05,196.3,78.22,64.0,12.63,75.99,95.83,66.27,91.07,82.29
2024-06-06,201.95,78.38,51.0,12.58,79.17,95.83,44.84,91.47,77.83
2024-06-07,163.68,74.41,48.0,12.22,30.36,70.44,41.27,97.42,59.87
2024-06-10,175.18,73.15,55.0,12.74,52.98,52.58,50.79,87.5,60.96
2024-06-11,180.38,72.62,30.0,12.85,58.53,45.44,17.46,84.33,51.44
2024-06-12,224.35,77.77,43.0,12.04,91.47,94.64,35.32,98.61,80.01
2024-06-13,199.5,76.28,37.0,11.94,77.18,87.1,26.19,99.01,72.37
2024-06-14,179.23,76.68,38.0,12.66,56.15,89.88,27.58,88.69,65.58
2024-06-17,204.55,76.87,72.0,12.75,83.53,90.28,81.55,85.91,85.32
2024-06-18,195.85,75.64,63.0,12.3,75.2,81.15,64.48,95.44,79.07
2024-06-20,242.89,76.75,63.0,13.28,95.83,89.88,64.29,69.25,79.81
2024-06-21,392.47,72.29,61.0,13.2,99.8,39.48,60.52,71.03,67.71
2024-06-24,218.77,73.24,69.0,13.33,89.09,54.17,75.2,67.86,71.58
2024-06-25,198.94,73.15,28.0,12.84,76.39,53.37,14.88,82.74,56.85
2024-06-26,197.94,73.48,38.0,12.55,75.99,59.72,27.38,90.67,63.44
2024-06-27,172.51,72.72,51.0,12.24,46.63,46.63,45.24,96.23,58.68
2024-06-28,298.04,69.49,50.0,12.44,98.21,9.72,43.06,93.25,61.06
2024-07-01,191.45,74.86,36.0,12.22,68.85,75.6,25.2,96.43,66.52
2024-07-02,194.46,76.74,66.0,12.03,71.63,90.67,71.23,98.21,82.94
2024-07-03,146.48,81.22,49.0,12.09,8.13,99.8,42.46,97.02,61.86
2024-07-05,196.62,77.97,57.0,12.48,74.01,95.04,53.97,89.68,78.17
2024-07-08,194.71,78.27,49.0,12.37,71.63,95.83,41.87,93.06,75.6
2024-07-09,196.24,78.39,41.0,12.51,73.21,96.23,32.74,88.69,72.72
2024-07-10,200.36,77.69,82.0,12.85,77.58,92.66,93.25,78.17,85.42
2024-07-11,253.72,77.95,67.0,12.92,95.83,93.85,74.21,76.39,85.07
2024-07-12,205.27,74.6,68.0,12.46,82.34,71.63,75.99,90.08,80.01
2024-07-15,189.76,73.69,60.0,13.12,65.28,60.52,59.33,68.45,63.39
2024-07-16,192.03,70.75,84.0,13.19,66.47,21.63,95.24,66.67,62.5
2024-07-17,244.42,72.49,64.0,14.48,95.04,41.07,67.26,34.33,59.42
2024-07-18,225.34,71.97,16.0,15.93,90.28,33.93,5.56,20.83,37.65
2024-07-19,182.8,70.93,28.0,16.52,56.94,24.01,15.08,17.26,28.32
2024-07-22,182.08,74.17,65.0,14.91,56.55,67.66,69.84,29.96,56.0
2024-07-23,171.4,70.55,41.0,14.72,41.47,18.85,33.33,33.53,31.8
2024-07-24,230.97,74.9,35.0,18.04,91.87,75.2,24.01,8.13,49.8
2024-07-25,233.53,73.38,51.0,18.46,92.66,56.55,46.23,6.55,50.5
2024-07-26,187.56,69.32,84.0,16.39,61.31,8.93,95.04,18.85,46.03
2024-07-29,165.94,72.21,50.0,16.6,31.55,37.5,43.65,18.06,32.69
2024-07-30,213.71,72.7,68.0,17.69,84.72,46.23,75.79,10.52,54.32
2024-07-31,246.4,73.46,65.0,16.36,95.44,58.93,69.64,20.04,61.01
2024-08-01,258.63,74.43,32.0,18.59,97.02,71.63,19.64,5.75,48.51
2024-08-02,277.37,72.54,28.0,23.39,97.82,42.26,14.88,0.2,38.79
2024-08-05,280.02,73.07,2.0,38.57,97.82,49.8,0.2,0.2,37.0
2024-08-06,212.82,72.4,71.0,27.71,82.74,39.09,80.56,0.6,50.74
2024-08-07,193.31,70.44,33.0,27.85,66.07,16.87,21.43,0.6,26.24
2024-08-08,183.29,70.75,91.0,23.79,54.96,21.63,98.41,1.39,44.1
2024-08-09,148.21,70.72,51.0,20.37,9.72,20.83,45.63,3.97,20.04
2024-08-12,155.06,69.99,30.0,20.71,16.47,11.71,17.06,3.37,12.15
2024-08-13,182.42,74.84,90.0,18.12,53.37,74.8,97.62,11.71,59.38
2024-08-14,169.3,73.79,66.0,16.19,34.72,62.9,70.83,24.01,48.12
2024-08-15,191.78,72.94,81.0,15.23,63.69,49.01,90.67,30.36,58.43
2024-08-16,169.96,73.63,71.0,14.8,35.12,60.91,79.56,34.72,52.58
2024-08-19,162.44,76.78,80.0,14.65,24.01,89.09,89.29,37.1,59.87
2024-08-20,165.29,72.98,48.0,15.88,27.18,48.61,39.29,24.8,34.97
2024-08-21,156.93,74.4,62.0,16.27,18.45,70.44,60.71,22.02,42.91
2024-08-22,176.58,76.34,38.0,17.55,46.63,87.1,25.99,14.48,43.55
2024-08-23,166.32,74.78,89.0,15.86,29.96,74.01,96.83,24.8,56.4
2024-08-26,148.16,73.86,69.0,16.15,9.33,63.69,75.4,22.42,42.71
2024-08-27,143.96,74.39,49.0,15.43,4.96,70.83,40.08,27.18,35.76
2024-08-28,166.64,76.13,38.0,17.11,31.15,87.5,25.79,17.66,40.53
2024-08-29,171.38,76.39,68.0,15.65,39.09,88.69,74.4,27.38,57.39
2024-08-30,188.47,70.7,88.0,15.0,60.52,20.04,95.63,32.34,52.13
2024-09-03,207.72,71.54,25.0,20.72,81.15,30.36,10.52,3.37,31.35
2024-09-04,167.43,70.68,56.0,21.32,32.34,19.25,51.19,2.98,26.44
2024-09-05,169.95,70.47,20.0,19.9,35.52,18.06,7.14,6.15,16.72
2024-09-06,203.34,73.39,16.0,22.38,75.99,58.53,5.16,2.18,35.47
2024-09-09,172.99,68.17,86.0,19.45,40.67,2.18,94.64,7.74,36.31
2024-09-10,175.32,71.42,53.0,19.08,45.04,29.96,47.02,9.33,32.84
2024-09-11,201.97,73.57,48.0,17.69,74.8,62.9,38.69,16.27,48.16
2024-09-12,181.69,73.23,72.0,17.07,50.6,56.15,81.75,20.83,52.33
2024-09-13,154.4,71.03,76.0,16.56,14.88,26.39,85.91,23.61,37.7
2024-09-16,156.87,71.13,76.0,17.14,17.26,27.98,86.11,20.44,37.95
2024-09-17,156.69,70.53,49.0,17.61,17.26,18.85,39.88,17.06,23.26
2024-09-18,172.71,72.61,37.0,18.23,39.88,45.83,24.01,12.9,30.65
2024-09-19,213.21,70.88,66.0,16.33,83.13,24.01,68.85,26.79,50.69
2024-09-20,429.89,67.75,44.0,16.15,99.8,1.39,33.53,28.17,40.72
2024-09-23,168.57,71.54,66.0,15.89,31.94,33.53,68.65,29.96,41.02
2024-09-24,198.77,72.76,56.0,15.39,70.44,50.99,49.8,34.13,51.34
2024-09-25,171.77,70.59,32.0,15.41,37.1,20.04,17.06,33.53,26.93
2024-09-26,180.31,70.15,68.0,15.37,47.42,14.09,73.02,34.52,42.26
2024-09-27,165.58,68.9,66.0,16.96,23.61,5.75,68.06,21.23,29.66
2024-09-30,172.84,69.22,69.0,16.73,38.29,8.13,75.2,22.02,35.91
2024-10-01,192.11,72.78,33.0,19.26,62.9,52.18,18.45,8.53,35.52
2024-10-02,149.68,70.98,48.0,18.9,8.53,28.37,36.11,10.52,20.88
2024-10-03,151.37,72.85,20.0,20.49,10.12,52.18,6.35,5.36,18.5
2024-10-04,167.02,72.6,72.0,19.21,26.39,47.42,81.15,9.72,41.17
2024-10-07,176.14,73.89,21.0,22.64,43.06,68.85,7.14,2.18,30.31
2024-10-08,157.95,73.09,69.0,21.42,14.88,55.75,75.0,3.37,37.25
2024-10-09,155.49,72.36,86.0,20.86,12.5,42.26,94.44,4.96,38.54
2024-10-10,153.45,73.78,28.0,20.93,10.52,66.87,12.7,4.96,23.76
2024-10-11,158.72,73.13,82.0,20.46,16.07,56.15,91.87,7.34,42.86
2024-10-14,150.59,72.47,77.0,19.7,8.13,43.45,86.9,9.72,37.05
2024-10-15,205.26,71.52,51.0,20.64,77.98,32.34,42.26,6.94,39.88
2024-10-16,155.39,70.31,72.0,19.58,12.1,14.88,80.95,10.52,29.61
2024-10-17,165.23,70.43,47.0,19.11,21.23,16.87,34.33,12.9,21.33
2024-10-18,160.35,66.77,60.0,18.03,18.06,0.99,54.96,17.66,22.92
2024-10-21,152.49,69.93,19.0,18.37,9.72,10.91,5.56,15.28,10.37
2024-10-22,162.88,67.98,53.0,18.2,20.83,2.18,44.84,16.07,20.98
2024-10-23,186.44,72.42,27.0,19.24,54.17,42.66,10.12,10.52,29.37
2024-10-24,184.07,73.37,42.0,19.08,52.18,60.91,29.56,12.3,38.74
2024-10-25,183.32,75.54,32.0,20.33,51.79,84.33,16.47,7.74,40.08
2024-10-28,166.58,70.98,69.0,19.8,25.99,26.79,74.6,8.13,33.88
2024-10-29,191.86,67.16,29.0,19.34,61.71,1.79,13.1,9.72,21.58
2024-10-30,219.51,66.98,46.0,20.35,85.91,1.39,32.74,6.94,31.75
2024-10-31,240.43,72.13,37.0,23.16,92.66,37.5,21.43,2.18,38.44
2024-11-01,198.55,71.36,55.0,21.88,69.25,29.96,48.61,3.37,37.8
2024-11-04,156.11,68.92,36.0,21.98,13.29,6.15,20.63,3.37,10.86
2024-11-05,144.51,67.24,87.0,20.49,2.98,2.18,95.83,7.14,27.03
2024-11-06,297.34,68.88,68.0,16.27,97.42,5.75,73.21,26.98,50.84
2024-11-07,218.38,68.81,51.0,15.2,83.53,5.75,42.46,37.5,42.31
2024-11-08,223.71,72.36,63.0,14.94,86.31,41.47,61.51,39.48,57.19
2024-11-11,236.59,75.23,57.0,14.97,91.47,82.34,51.19,39.09,66.02
2024-11-12,218.25,72.9,26.0,14.71,82.34,51.79,8.93,42.66,46.43
2024-11-13,204.96,72.7,58.0,14.02,74.8,49.01,53.57,52.18,57.39
2024-11-14,212.71,72.39,30.0,14.31,79.17,41.87,14.29,49.4,46.18
2024-11-15,248.57,70.01,38.0,16.14,93.85,14.09,24.4,28.77,40.28
2024-11-18,213.62,71.18,64.0,15.58,79.56,29.17,64.68,33.53,51.74
2024-11-19,191.48,69.79,38.0,16.35,56.15,12.9,24.6,26.19,29.96
2024-11-20,196.44,72.71,54.0,17.16,63.69,50.2,47.22,21.63,45.68
2024-11-21,231.84,74.07,80.0,16.87,88.69,70.04,91.07,24.01,68.45
2024-11-22,200.47,70.23,72.0,15.24,67.66,16.87,82.34,38.29,51.29
2024-11-25,287.29,66.18,73.0,14.6,97.02,0.99,85.12,46.63,57.44
2024-11-26,182.6,67.37,57.0,14.1,44.25,2.98,51.79,53.77,38.19
2024-11-27,158.07,70.45,53.0,14.1,13.29,20.44,45.04,53.97,33.18
2024-11-29,114.84,69.34,66.0,13.51,0.6,12.1,69.25,62.1,36.01
2024-12-02,187.47,70.26,35.0,13.34,49.8,18.06,19.64,65.67,38.29
2024-12-03,174.29,68.15,35.0,13.3,33.53,4.17,19.84,67.06,31.15
2024-12-04,204.98,71.48,45.0,13.45,73.21,34.33,32.54,63.89,50.99
2024-12-05,188.64,69.7,50.0,13.54,52.18,13.29,40.08,62.1,41.91
2024-12-06,196.44,70.9,51.0,12.77,62.1,27.98,42.66,82.14,53.72
2024-12-09,216.49,70.62,34.0,14.19,80.36,23.21,18.65,52.98,43.8
2024-12-10,213.13,73.14,42.0,14.18,77.98,58.53,30.36,53.37,55.06
2024-12-11,242.19,71.01,47.0,13.58,91.47,30.75,34.92,62.9,55.01
2024-12-12,195.92,72.58,34.0,13.92,59.33,49.8,18.85,56.94,46.23
2024-12-13,223.76,75.97,34.0,13.81,84.33,87.9,19.05,59.72,62.75
2024-12-16,270.08,74.98,36.0,14.69,95.44,80.36,22.42,45.04,60.81
2024-12-17,275.21,73.55,33.0,15.87,96.23,64.88,17.86,32.34,52.83
2024-12-18,283.82,73.79,3.0,27.62,97.02,67.26,0.6,1.39,41.57
2024-12-19,255.48,71.16,44.0,24.09,93.85,30.75,33.73,1.79,40.03
2024-12-20,485.81,67.71,84.0,18.36,99.8,2.98,95.44,17.66,53.97
2024-12-23,186.79,71.81,62.0,16.78,45.83,37.1,62.7,25.6,42.81
2024-12-24,104.22,77.99,96.0,14.27,0.2,95.83,99.8,54.96,62.7
2024-12-26,128.74,76.05,56.0,14.73,1.39,88.69,53.57,46.23,47.47
2024-12-27,161.45,76.98,13.0,15.95,16.07,92.66,2.98,32.74,36.11
2024-12-30,151.09,72.42,5.0,17.4,6.55,44.64,1.19,22.42,18.7
2024-12-31,144.25,73.61,56.0,17.35,1.79,65.67,54.17,22.82,36.11
2025-01-02,190.66,75.76,43.0,17.93,50.99,85.12,32.94,20.83,47.47
2025-01-03,183.41,77.0,73.0,16.13,42.26,92.66,86.51,33.13,63.64
2025-01-06,221.35,73.31,45.0,16.04,81.55,59.33,35.12,33.53,52.38
2025-01-07,208.83,73.88,43.0,17.82,73.61,68.45,32.74,21.23,49.01
2025-01-08,181.38,70.58,52.0,17.7,37.9,20.04,48.41,21.63,31.99
2025-01-10,214.06,69.48,12.0,19.54,77.18,10.12,3.17,11.71,25.55
2025-01-13,189.42,67.17,72.0,19.19,48.21,2.18,84.33,14.48,37.3
2025-01-14,188.64,67.34,69.0,18.71,47.42,2.98,78.37,16.67,36.36
2025-01-15,209.72,68.96,79.0,16.12,73.61,8.13,90.87,35.52,52.03
2025-01-16,192.64,71.0,65.0,16.6,52.58,28.37,68.25,29.76,44.74
2025-01-17,243.34,69.4,79.0,15.97,90.67,10.52,90.67,37.3,57.29
2025-01-21,252.51,69.36,83.0,15.06,92.66,10.52,94.44,47.82,61.36
2025-01-22,235.18,72.55,39.0,15.1,86.71,47.02,27.58,47.82,52.28
2025-01-23,189.39,67.5,75.0,15.02,47.02,3.77,87.1,49.01,46.73
2025-01-24,198.07,70.24,44.0,14.85,59.72,17.26,33.53,51.79,40.58
2025-01-27,342.06,79.39,75.0,17.9,98.21,98.61,86.9,22.42,76.54
2025-01-28,270.47,76.33,30.0,16.41,94.25,88.29,14.29,31.55,57.09
2025-01-29,228.35,76.5,51.0,16.56,83.13,89.48,46.03,30.95,62.4
2025-01-30,270.57,76.84,80.0,15.84,94.25,91.07,91.67,41.87,79.71
2025-01-31,263.45,74.76,23.0,16.43,93.06,74.4,8.73,31.94,52.03
2025-02-03,248.47,73.02,37.0,18.62,89.88,52.98,24.01,17.26,46.03
2025-02-04,214.23,68.67,55.0,17.21,75.2,6.15,52.58,26.79,40.18
2025-02-05,228.42,72.22,66.0,15.77,82.74,39.48,70.44,43.85,59.13
2025-02-06,218.1,69.9,53.0,15.5,77.18,14.09,49.4,45.83,46.63
2025-02-07,211.52,74.41,22.0,16.54,71.63,72.82,7.74,32.34,46.13
2025-02-10,194.17,69.41,63.0,15.81,53.77,11.71,64.48,43.85,43.45
2025-02-11,196.02,70.77,68.0,16.02,55.75,26.39,75.4,39.88,49.36
2025-02-12,199.08,67.59,46.0,15.89,60.12,4.17,36.11,42.06,35.62
2025-02-13,206.13,70.83,73.0,15.1,68.85,27.18,85.52,53.17,58.68
2025-02-14,190.62,69.4,37.0,14.77,47.02,11.71,23.81,57.74,35.07
2025-02-18,221.47,68.61,66.0,15.35,79.96,6.55,70.24,50.2,51.74
2025-02-19,183.15,68.95,64.0,15.27,37.5,9.72,66.07,50.99,41.07
2025-02-20,175.66,63.81,51.0,15.66,29.96,0.2,45.83,45.83,30.46
2025-02-21,240.9,66.05,28.0,18.21,87.5,0.99,11.31,20.24,30.01
2025-02-24,226.32,68.67,57.0,18.98,81.94,8.13,56.35,16.07,40.62
2025-02-25,258.68,70.46,60.0,19.43,92.66,24.01,60.12,12.5,47.32
2025-02-26,214.81,74.21,35.0,19.1,74.4,71.63,20.83,15.67,45.63
2025-02-27,227.22,75.2,46.0,21.13,81.94,81.55,35.91,5.75,51.29
2025-02-28,287.73,69.56,95.0,19.63,96.63,16.07,99.4,11.71,55.95
2025-03-03,242.88,70.3,32.0,22.78,87.1,22.02,16.07,3.37,32.14
2025-03-04,287.54,68.41,15.0,23.51,96.23,7.34,3.97,2.58,27.53
2025-03-05,212.16,68.1,79.0,21.93,69.25,6.55,89.88,5.36,42.76
2025-03-06,226.8,69.57,34.0,24.87,81.15,17.26,19.64,1.79,29.96
2025-03-07,263.3,66.59,67.0,23.37,91.87,1.79,73.61,3.77,42.76
2025-03-10,298.35,67.81,31.0,27.86,97.42,6.55,15.48,0.6,30.01
2025-03-11,273.73,70.12,21.0,26.92,93.06,22.42,7.34,2.18,31.25
2025-03-12,233.98,71.96,37.0,24.23,83.53,44.25,25.99,2.98,39.19
2025-03-13,220.61,71.59,27.0,24.66,76.39,42.26,10.32,2.98,32.99
2025-03-14,204.83,69.74,87.0,21.77,63.29,19.25,96.43,8.53,46.88
2025-03-17,208.82,70.26,87.0,20.51,66.87,24.8,96.23,12.1,50.0
2025-03-18,202.87,70.98,35.0,21.7,61.31,36.31,22.62,8.93,32.29
2025-03-19,212.61,70.12,67.0,19.9,70.04,22.82,72.82,15.48,45.29
2025-03-20,199.03,69.97,40.0,19.8,58.13,20.44,31.35,16.27,31.55
2025-03-21,365.51,59.67,43.0,19.28,98.61,0.2,34.13,19.64,38.14
2025-03-24,224.95,72.95,77.0,17.48,79.17,60.91,88.89,33.93,65.72
2025-03-25,190.47,70.49,52.0,17.15,45.44,29.56,51.19,36.31,40.62
2025-03-26,209.52,72.35,53.0,18.33,68.06,50.99,52.18,27.58,49.7
2025-03-27,192.15,73.17,44.0,18.69,49.01,66.07,35.32,25.2,43.9
2025-03-28,199.96,72.64,17.0,21.65,58.93,57.74,5.36,9.33,32.84
2025-03-31,261.64,68.66,81.0,22.28,91.07,9.33,92.06,7.34,49.95
2025-04-01,194.69,69.55,54.0,21.77,50.6,18.06,53.77,9.13,32.89
2025-04-02,209.98,73.89,69.0,21.51,68.06,75.6,78.17,10.52,58.09
2025-04-03,308.72,68.96,23.0,30.02,97.82,13.29,8.93,0.6,30.16
2025-04-04,385.3,67.51,4.0,45.31,98.61,5.36,0.99,0.2,26.29
2025-04-07,398.31,69.63,31.0,46.98,99.01,20.04,15.67,0.2,33.73
2025-04-08,313.28,69.14,15.0,52.33,97.02,14.48,4.37,0.2,29.02
2025-04-09,468.51,71.67,99.0,33.62,99.4,46.63,99.8,1.79,61.9
2025-04-10,326.47,70.29,14.0,40.72,96.63,27.58,4.17,1.39,32.44
2025-04-11,244.82,68.52,82.0,37.56,85.12,9.33,92.26,2.18,47.22
2025-04-14,209.34,68.82,82.0,30.89,64.09,12.1,92.06,2.98,42.81
2025-04-15,180.33,66.36,34.0,30.12,30.36,1.79,20.24,3.37,13.94
2025-04-16,217.95,71.5,12.0,32.64,70.83,45.44,2.98,2.98,30.56
2025-04-17,213.72,64.4,69.0,29.65,68.45,0.99,77.18,4.56,37.8
2025-04-21,193.83,66.85,6.0,33.82,45.44,3.37,1.98,2.58,13.34
2025-04-22,201.9,67.33,99.0,30.57,55.36,5.36,99.6,4.17,41.12
2025-04-23,227.06,67.58,71.0,28.45,77.58,7.34,79.37,5.75,42.51
2025-04-24,206.17,67.91,78.0,26.47,60.91,9.33,87.9,8.13,41.57
2025-04-25,218.23,73.03,52.0,24.84,71.23,65.67,49.8,8.93,48.91
2025-04-28,191.85,70.59,57.0,25.15,41.47,35.12,57.34,8.53,35.62
2025-04-29,173.28,67.0,78.0,24.17,24.8,4.17,87.7,10.52,31.8
2025-04-30,240.02,68.55,63.0,24.7,81.94,12.5,63.29,9.72,41.87
2025-05-01,239.44,71.19,43.0,24.6,81.55,45.44,33.93,10.52,42.86
2025-05-02,225.51,70.69,85.0,22.68,75.99,37.9,94.25,14.48,55.65
2025-05-05,177.69,66.79,34.0,23.64,28.37,3.37,20.04,12.5,16.07
2025-05-06,162.76,65.48,27.0,24.76,14.88,1.39,10.91,9.72,9.23
2025-05-07,213.53,73.35,75.0,23.55,66.87,71.63,84.72,13.29,59.13
2025-05-08,206.77,68.0,70.0,22.48,60.91,11.31,78.37,16.47,41.77
2025-05-09,167.44,70.05,42.0,21.9,20.04,28.77,33.13,18.45,25.1
2025-05-12,267.0,67.64,81.0,18.39,89.48,9.33,90.28,37.9,56.75
2025-05-13,276.59,69.25,50.0,18.22,91.47,20.44,44.64,39.88,49.11
2025-05-14,262.19,69.05,35.0,18.62,87.9,19.64,23.21,36.9,41.91
2025-05-15,261.25,68.92,78.0,17.83,87.1,18.06,86.71,43.45,58.83
2025-05-16,246.96,65.67,84.0,17.24,83.93,1.79,93.25,47.42,56.6
2025-05-19,209.35,68.5,60.0,18.14,60.52,14.09,60.32,41.47,44.1
2025-05-20,202.1,68.94,43.0,18.09,53.37,19.25,35.32,42.26,37.55
2025-05-21,237.26,69.41,5.0,20.87,79.17,24.4,1.59,22.82,31.99
2025-05-22,201.34,70.03,45.0,20.28,51.39,30.75,38.69,27.58,37.1
2025-05-23,186.79,72.05,30.0,22.29,32.34,53.77,15.28,17.26,29.66
2025-05-27,219.96,70.64,92.0,18.96,70.04,40.28,98.21,36.71,61.31
2025-05-28,198.04,73.77,18.0,19.31,47.02,76.39,6.55,32.74,40.67
2025-05-29,215.78,74.46,74.0,19.18,66.87,83.13,82.34,35.12,66.87
2025-05-30,312.08,67.21,55.0,18.57,95.83,6.55,53.97,40.28,49.16
2025-06-02,188.89,70.29,49.0,18.36,34.33,34.72,43.06,42.06,38.54
2025-06-03,209.01,70.77,70.0,17.69,58.53,44.64,76.98,49.01,57.29
2025-06-04,183.87,71.38,41.0,17.61,30.36,50.6,31.94,50.0,40.72
2025-06-05,264.93,77.76,37.0,18.48,88.69,95.83,26.79,40.67,63.0
2025-06-06,201.73,75.03,84.0,16.77,50.99,86.71,93.06,56.55,71.83
2025-06-09,212.35,74.16,52.0,17.16,61.31,80.75,50.4,53.57,61.51
2025-06-10,227.76,73.41,74.0,16.95,75.2,74.4,82.14,56.15,71.97
2025-06-11,212.77,70.62,43.0,17.26,61.71,41.07,35.12,52.58,47.62
2025-06-12,199.51,69.32,61.0,18.02,48.21,23.21,60.71,47.02,44.79
2025-06-13,228.34,69.03,13.0,20.82,75.2,21.23,3.57,24.01,31.0
2025-06-16,206.79,70.11,70.0,19.11,55.75,32.74,76.39,36.11,50.25
2025-06-17,191.37,69.58,15.0,21.6,35.52,28.37,4.96,21.23,22.52
2025-06-18,211.77,68.58,46.0,20.14,59.72,15.67,39.29,29.17,35.96
2025-06-20,358.91,66.46,63.0,20.62,97.02,3.37,62.7,25.99,47.27
2025-06-23,257.17,73.63,82.0,19.83,85.12,79.17,90.67,30.75,71.43
2025-06-24,242.37,71.57,78.0,17.48,80.36,56.15,85.32,54.37,69.05
2025-06-25,222.52,73.6,34.0,16.76,70.44,78.37,21.23,61.31,57.84
2025-06-26,220.72,69.77,77.0,16.59,69.25,30.75,83.93,62.9,61.71
2025-06-27,353.22,69.91,71.0,16.32,97.02,31.94,76.59,67.26,68.2
2025-06-30,260.68,71.12,70.0,16.73,85.91,52.18,75.0,61.9,68.75
2025-07-01,262.88,70.9,74.0,16.83,87.1,49.01,80.75,60.52,69.35
2025-07-02,221.12,70.95,55.0,16.64,68.45,49.8,52.78,62.9,58.48
2025-07-03,142.78,72.89,77.0,16.38,1.39,70.04,83.73,67.26,55.61
2025-07-07,203.47,69.92,20.0,17.79,49.8,31.94,8.13,51.39,35.32
2025-07-08,206.26,66.75,48.0,16.81,52.58,4.17,41.27,61.31,39.83
2025-07-09,206.28,68.18,56.0,15.94,52.58,14.88,54.56,74.8,49.21
2025-07-10,207.53,70.22,69.0,15.78,53.37,37.1,71.83,78.37,60.17
2025-07-11,201.35,70.88,26.0,16.4,45.83,50.2,11.51,67.66,43.8
2025-07-14,183.1,66.6,61.0,17.2,26.39,4.17,59.13,57.34,36.76
2025-07-15,222.99,69.17,14.0,17.38,70.04,24.4,4.37,55.75,38.64
2025-07-16,217.22,67.49,60.0,17.16,64.48,9.72,58.53,58.53,47.82
2025-07-17,217.62,65.24,65.0,16.52,64.48,1.39,64.29,67.86,49.5
2025-07-18,232.97,65.83,44.0,16.41,75.99,2.58,36.71,69.05,46.08
2025-07-21,194.27,69.74,50.0,16.65,39.09,33.13,44.84,64.88,45.49
2025-07-22,218.11,67.68,74.0,16.5,65.67,12.9,80.95,68.85,57.09
2025-07-23,226.81,68.51,74.0,15.37,72.82,18.06,80.75,84.52,64.04
2025-07-24,250.38,71.3,41.0,15.39,83.53,58.93,31.15,84.13,64.43
2025-07-25,214.95,72.89,69.0,14.93,62.1,74.01,71.63,90.28,74.5
2025-07-28,209.84,70.85,36.0,15.03,54.96,52.18,25.2,88.29,55.16
2025-07-29,247.38,65.59,49.0,15.98,82.34,2.18,42.86,75.99,50.84
2025-07-30,241.78,69.63,31.0,15.48,79.17,33.13,16.87,82.34,52.88
2025-07-31,327.95,72.95,22.0,16.72,96.23,75.6,9.92,64.09,61.46
2025-08-01,286.3,71.2,26.0,20.38,92.26,59.33,12.1,27.98,47.92
2025-08-04,229.32,70.81,86.0,17.52,74.4,52.18,94.64,53.77,68.75
2025-08-05,215.49,68.14,45.0,17.85,61.71,16.47,38.49,49.8,41.62
2025-08-06,232.38,73.32,61.0,16.77,75.6,80.75,60.12,62.7,69.79
2025-08-07,227.39,70.93,50.0,16.57,73.21,55.36,44.84,66.07,59.87
2025-08-08,216.0,72.82,69.0,15.15,62.1,74.01,71.83,86.71,73.66
2025-08-11,215.82,72.12,37.0,16.25,61.71,66.47,26.79,71.63,56.65
2025-08-12,216.1,71.43,76.0,14.73,62.1,61.71,83.53,91.67,74.75
2025-08-13,234.01,71.3,72.0,14.49,76.79,60.12,77.38,93.45,76.93
2025-08-14,218.19,69.3,48.0,14.83,64.09,28.37,41.47,89.88,55.95
2025-08-15,247.9,69.26,47.0,15.09,82.74,28.37,40.28,86.31,59.42
2025-08-18,194.31,66.47,53.0,14.99,35.12,4.96,50.79,87.9,44.69
2025-08-19,220.69,71.08,61.0,15.57,66.07,58.13,60.71,79.56,66.12
2025-08-20,227.62,71.77,58.0,15.69,72.42,66.47,58.33,78.37,68.9
2025-08-21,170.63,66.6,28.0,16.6,15.67,6.15,14.09,63.1,24.75
2025-08-22,231.31,70.92,80.0,14.22,74.4,55.36,89.88,94.25,78.47
2025-08-25,184.67,73.21,18.0,14.79,24.4,81.55,6.75,90.28,50.74
2025-08-26,230.0,68.01,53.0,14.62,74.01,16.87,50.99,92.26,58.53
2025-08-27,186.77,71.83,63.0,14.85,24.4,68.45,63.69,88.89,61.36
2025-08-28,211.56,73.38,47.0,14.43,51.39,84.72,40.87,93.06,67.51
2025-08-29,210.67,73.89,60.0,15.36,50.6,89.88,60.12,81.55,70.54
2025-09-02,215.46,70.15,29.0,17.17,57.34,42.66,15.48,54.17,42.41
2025-09-03,232.11,74.89,41.0,16.35,74.8,93.45,31.15,68.25,66.91
2025-09-04,211.49,74.15,67.0,15.3,49.8,91.07,70.04,82.34,73.31
2025-09-05,273.24,76.26,48.0,15.18,90.28,96.63,42.66,83.53,78.27
2025-09-08,229.21,69.87,44.0,15.11,72.42,37.9,36.11,83.93,57.59
2025-09-09,216.65,68.2,54.0,15.04,58.53,19.25,53.37,85.52,54.17
2025-09-10,292.66,78.64,33.0,15.35,93.45,99.4,18.85,80.56,73.07
2025-09-11,250.06,74.55,82.0,14.71,82.74,91.87,93.06,90.87,89.63
2025-09-12,258.83,78.5,30.0,14.76,84.72,99.01,15.48,89.48,72.17
2025-09-15,261.27,78.56,49.0,15.69,85.52,99.01,44.44,74.6,75.89
2025-09-16,247.27,73.46,42.0,16.36,79.96,83.93,32.14,64.88,65.23
2025-09-17,257.56,74.28,72.0,15.72,83.53,89.88,79.37,74.01,81.7
2025-09-18,262.5,75.18,54.0,15.7,86.31,92.66,53.97,74.01,76.74
2025-09-19,449.5,68.9,54.0,15.45,99.01,24.4,53.77,76.79,63.49
2025-09-22,288.66,78.04,46.0,16.1,92.66,98.21,39.88,67.66,74.6
2025-09-23,254.01,72.92,55.0,16.64,81.15,76.39,55.75,57.94,67.81
2025-09-24,226.69,73.87,43.0,16.18,64.48,85.52,33.93,66.07,62.5
2025-09-25,254.31,74.76,32.0,16.74,81.55,90.67,18.25,56.15,61.66
2025-09-26,228.33,73.13,79.0,15.29,66.87,77.98,89.29,80.36,78.62
2025-09-29,240.59,72.13,54.0,16.12,74.4,66.47,53.97,67.86,65.67
2025-09-30,270.84,69.87,52.0,16.28,89.09,37.9,49.8,65.67,60.62
2025-10-01,288.55,69.42,50.0,16.29,92.66,32.74,46.23,65.28,59.23
2025-10-02,254.93,74.98,42.0,16.63,80.75,91.07,31.94,58.13,65.48
2025-10-03,247.15,73.86,65.0,16.65,76.39,84.33,68.85,56.75,71.58
2025-10-06,286.16,78.22,51.0,16.37,90.67,98.21,48.02,63.29,75.05
2025-10-07,240.47,75.75,49.0,17.24,72.02,93.06,44.05,48.41,64.38
2025-10-08,236.12,76.26,40.0,16.3,69.64,94.25,28.97,64.88,64.43
2025-10-09,239.32,75.09,28.0,16.43,70.44,90.67,12.7,60.71,58.63
2025-10-10,318.75,76.89,16.0,21.66,95.44,95.83,5.75,18.06,53.77
2025-10-13,226.01,75.0,70.0,19.03,58.93,89.48,77.18,32.74,64.58
2025-10-14,239.62,72.55,74.0,20.81,70.44,69.64,82.94,20.83,60.96
2025-10-15,247.68,73.41,52.0,20.64,76.39,79.17,50.79,21.43,56.94
2025-10-16,247.66,72.48,28.0,25.31,75.99,68.85,13.1,7.34,41.32
2025-10-17,256.23,72.63,78.0,20.78,80.36,70.04,88.29,21.63,65.08
2025-10-20,220.59,74.93,77.0,18.23,52.18,88.29,86.51,37.9,66.22
2025-10-21,230.57,71.82,55.0,17.87,63.69,62.9,57.54,41.47,56.4
2025-10-22,260.23,75.0,35.0,18.6,81.94,89.09,23.41,34.72,57.29
2025-10-23,236.29,75.09,54.0,17.3,66.87,90.28,55.36,46.63,64.78
2025-10-24,235.55,77.02,60.0,16.37,66.07,96.63,63.29,62.7,72.17
2025-10-27,272.23,77.34,71.0,15.79,87.9,96.63,78.37,72.82,83.93
2025-10-28,289.27,76.03,28.0,16.42,92.66,92.26,12.5,60.12,64.38
2025-10-29,327.08,75.52,23.0,16.92,95.83,90.67,9.33,49.8,61.41
2025-10-30,364.11,78.97,50.0,16.91,97.42,99.4,46.03,49.8,73.16
2025-10-31,348.48,77.83,54.0,17.44,96.23,96.63,54.76,43.06,72.67
2025-11-03,288.55,74.64,30.0,17.17,90.67,83.93,15.28,46.83,59.18
2025-11-04,280.61,73.15,38.0,19.0,87.5,72.42,27.98,29.56,54.37
2025-11-05,265.45,73.07,55.0,18.01,83.13,71.23,57.54,37.1,62.25
2025-11-06,292.94,75.93,37.0,19.5,91.87,90.67,26.19,25.6,58.58
2025-11-07,294.7,75.59,64.0,19.08,91.87,89.48,68.85,28.37,69.64
2025-11-10,249.28,73.75,62.0,17.6,73.21,76.79,66.27,41.47,64.43
2025-11-11,217.83,72.89,81.0,17.28,43.85,66.87,92.66,45.04,62.1
2025-11-12,258.5,72.23,69.0,17.51,77.18,61.31,74.4,42.26,63.79
2025-11-13,290.41,74.8,26.0,20.0,91.07,84.33,10.71,23.21,52.33
2025-11-14,268.32,74.11,35.0,19.83,82.74,79.96,23.21,24.21,52.53
2025-11-17,262.39,73.36,19.0,22.38,79.56,72.82,7.34,14.48,43.55
2025-11-18,283.46,73.47,45.0,24.69,86.71,74.4,38.69,9.72,52.38
2025-11-19,279.91,76.04,40.0,23.66,85.91,91.47,29.56,12.1,54.76
2025-11-20,318.29,77.3,20.0,26.42,93.85,95.44,7.94,7.34,51.14
2025-11-21,353.93,75.64,82.0,23.43,96.63,88.69,93.85,14.09,73.31
2025-11-24,377.27,71.47,48.0,20.52,97.82,54.56,43.25,23.61,54.81
2025-11-25,319.2,77.55,85.0,18.56,93.45,95.83,96.43,35.91,80.41
2025-11-26,236.41,75.39,71.0,17.19,60.12,87.1,78.17,51.39,69.2
2025-11-28,137.98,76.07,85.0,16.35,1.39,91.07,96.23,67.86,64.14
2025-12-01,231.55,73.31,23.0,17.24,56.55,69.25,10.32,50.2,46.58
2025-12-02,250.06,72.33,52.0,16.59,70.04,59.33,51.39,61.9,60.66
2025-12-03,260.68,72.69,71.0,16.08,75.6,62.5,77.98,73.21,72.32
2025-12-04,256.66,72.22,50.0,15.78,72.42,58.13,47.02,78.17,63.94
2025-12-05,242.7,73.67,49.0,15.41,63.69,74.01,44.64,82.74,66.27
2025-12-08,257.87,72.95,33.0,16.66,73.21,64.88,19.64,58.93,54.17
2025-12-09,215.39,68.64,47.0,16.93,35.12,18.45,41.67,54.56,37.45
2025-12-10,279.94,68.48,80.0,15.77,84.72,16.07,90.28,79.76,67.71
2025-12-11,271.64,71.8,68.0,14.85,81.94,53.77,71.43,92.66,74.95
2025-12-12,294.13,74.49,53.0,15.74,90.28,79.96,52.58,80.36,75.79
2025-12-15,294.5,72.76,60.0,16.5,90.28,61.71,61.9,65.08,69.74
2025-12-16,269.31,72.29,30.0,16.48,79.17,57.74,16.47,65.67,54.76
2025-12-17,300.65,75.32,43.0,17.62,91.07,86.71,33.33,44.64,63.94
2025-12-18,285.85,73.68,51.0,16.87,84.72,74.01,47.62,56.15,65.62
2025-12-19,599.46,71.39,61.0,14.91,99.8,50.6,63.69,93.85,76.98
2025-12-22,226.4,71.29,71.0,14.08,45.83,49.4,77.38,99.8,68.11
2025-12-23,191.72,73.21,55.0,14.0,12.5,68.45,56.15,99.8,59.23
2025-12-24,97.24,72.8,86.0,13.47,0.2,62.1,96.83,99.8,64.73
2025-12-26,135.17,77.26,46.0,13.6,1.39,94.64,37.9,99.4,58.33
2025-12-29,168.22,72.02,42.0,14.2,4.17,54.96,30.16,98.21,46.88
2025-12-30,148.07,73.07,37.0,14.33,2.18,66.87,25.2,97.42,47.92
2025-12-31,147.93,73.8,5.0,14.95,2.18,75.99,0.99,91.47,42.66
2026-01-02,238.27,74.05,59.0,14.51,58.13,77.98,60.52,96.23,73.21
2026-01-05,268.86,66.82,67.0,14.9,79.17,6.94,70.24,91.87,62.05
2026-01-06,264.13,70.7,70.0,14.75,77.18,42.66,75.4,94.64,72.47
2026-01-07,248.52,66.83,21.0,15.38,65.67,7.34,7.94,82.74,40.92
2026-01-08,243.37,67.17,70.0,15.45,61.71,8.53,75.6,81.35,56.8
2026-01-09,223.47,70.96,53.0,14.49,42.66,47.82,51.19,96.43,59.52
2026-01-12,252.95,64.79,49.0,15.12,67.66,1.39,42.46,85.91,49.36
2026-01-13,267.31,67.31,50.0,15.98,78.37,10.12,44.64,72.22,51.34
2026-01-14,270.37,66.32,62.0,16.75,79.56,4.17,64.68,54.56,50.74
2026-01-15,255.09,67.97,53.0,15.84,68.06,14.48,51.39,73.81,51.93
2026-01-16,342.86,65.36,42.0,15.86,95.04,2.18,30.36,73.21,50.2
2026-01-20,312.02,68.56,22.0,20.09,91.07,20.04,8.53,24.8,36.11
2026-01-21,314.51,69.87,76.0,16.9,91.87,33.93,85.32,52.18,65.82
2026-01-22,262.14,67.76,72.0,15.64,72.42,14.09,80.75,79.17,61.61
2026-01-23,265.27,69.78,40.0,16.09,75.6,33.93,27.78,70.83,52.03
2026-01-26,238.26,67.3,65.0,16.15,53.37,10.52,69.25,70.04,50.79
2026-01-27,255.06,64.33,55.0,16.35,65.67,0.99,57.54,67.26,47.87
2026-01-28,266.0,69.62,33.0,16.35,76.39,32.34,19.64,67.06,48.86
2026-01-29,382.36,74.72,66.0,16.88,97.82,83.53,70.44,52.18,75.99
2026-01-30,327.38,70.3,56.0,17.44,93.85,42.26,59.13,44.05,59.82
2026-02-02,279.59,68.84,70.0,16.34,81.15,24.01,77.38,68.06,62.65
2026-02-03,341.75,67.39,57.0,18.0,94.25,12.1,59.72,39.09,51.29
2026-02-04,383.24,68.79,69.0,18.64,97.82,24.01,74.4,32.74,57.24
2026-02-05,362.46,72.09,37.0,21.77,95.83,59.72,24.8,17.66,49.5
2026-02-06,338.51,73.32,84.0,20.37,93.06,72.42,95.04,24.4,71.23
2026-02-09,286.12,71.21,43.0,17.36,81.55,52.18,32.74,46.23,53.17
2026-02-10,262.96,67.7,50.0,17.79,71.63,14.88,44.84,41.67,43.25
2026-02-11,275.27,68.76,53.0,17.65,78.37,24.01,51.39,42.66,49.11
2026-02-12,328.38,66.75,32.0,20.82,92.66,8.13,17.66,21.43,34.97
2026-02-13,257.8,66.42,64.0,20.6,64.48,5.75,68.06,23.61,40.48
2026-02-17,256.41,68.02,43.0,20.29,62.9,18.06,32.94,25.6,34.87
2026-02-18,220.81,66.19,68.0,19.62,34.72,4.96,72.62,29.56,35.47
2026-02-19,208.63,63.25,41.0,20.23,19.25,0.6,28.57,26.39,18.7
2026-02-20,263.64,70.55,64.0,19.09,71.23,44.64,68.45,33.13,54.37
2026-02-23,258.27,69.07,39.0,21.01,64.48,28.77,26.39,20.83,35.12
2026-02-24,258.82,70.63,70.0,19.55,65.28,45.44,77.18,30.75,54.66
2026-02-25,266.27,72.03,51.0,17.93,73.21,59.33,47.42,42.66,55.65
2026-02-26,286.18,73.48,54.0,18.63,81.55,75.99,54.76,36.31,62.15
2026-02-27,362.29,67.08,61.0,19.86,95.44,10.91,64.29,28.77,49.85
2026-03-02,263.42,66.08,40.0,21.44,69.64,4.56,26.79,20.44,30.36
2026-03-03,258.11,66.73,28.0,23.57,62.9,8.53,12.9,12.5,24.21
2026-03-04,246.65,71.8,65.0,21.15,52.58,57.34,69.44,20.83,50.05
2026-03-05,291.77,68.32,26.0,23.75,84.33,21.23,10.32,11.71,31.89
2026-03-06,257.25,67.51,33.0,29.49,61.31,14.88,18.65,5.36,25.05
2026-03-09,272.85,66.56,48.0,25.5,76.39,7.34,40.28,7.74,32.94
2026-03-10,230.61,69.27,38.0,24.93,41.87,31.15,25.4,8.93,26.84
2026-03-11,212.11,69.38,32.0,24.23,23.21,31.94,17.26,11.51,20.98
2026-03-12,245.88,64.16,19.0,27.29,52.58,0.99,5.95,6.15,16.42
2026-03-13,220.05,69.46,50.0,27.19,32.34,33.53,45.44,6.55,29.46
2026-03-16,229.75,71.31,78.0,23.51,41.47,54.17,89.29,14.09,49.75
2026-03-17,217.68,67.2,54.0,22.37,29.56,12.9,54.96,16.07,28.37
2026-03-18,208.13,66.83,11.0,25.09,18.06,10.91,1.79,8.93,9.92
2026-03-19,227.12,67.03,38.0,24.06,38.29,12.5,24.8,12.5,22.02
2026-03-20,456.44,59.93,26.0,26.78,99.01,0.6,10.91,6.94,29.37
2026-03-23,244.14,67.76,76.0,26.15,51.39,19.25,86.71,8.13,41.37
2026-03-24,223.89,68.44,59.0,26.95,34.72,23.21,61.9,6.94,31.7
2026-03-25,210.61,70.0,71.0,25.33,20.44,41.07,81.15,9.33,38.0
2026-03-26,236.63,73.67,34.0,27.44,46.23,77.58,20.63,6.15,37.65
2026-03-27,243.71,69.61,24.0,31.05,51.39,36.71,10.12,3.37,25.4
2026-03-30,244.23,68.18,62.0,30.61,51.79,22.02,66.87,4.17,36.21
2026-03-31,296.93,69.92,82.0,25.25,86.71,41.47,94.44,11.31,58.48
2026-04-01,247.37,67.87,57.0,24.54,54.17,19.64,60.12,14.88,37.2
2026-04-02,202.13,70.52,58.0,23.87,12.9,45.44,60.71,16.47,33.88
2026-04-06,168.32,69.95,57.0,24.17,3.77,41.87,59.92,15.87,30.36
2026-04-07,213.41,68.31,40.0,25.78,22.02,23.61,27.18,9.72,20.63
2026-04-08,268.77,69.73,84.0,21.04,74.8,37.9,96.03,24.01,58.18
2026-04-09,217.75,72.09,71.0,19.49,27.98,61.71,80.56,33.53,50.94
2026-04-10,210.77,72.71,16.0,19.23,19.64,66.07,3.97,33.93,30.9
2026-04-13,214.87,68.81,70.0,19.12,23.61,28.37,77.38,34.33,40.92
2026-04-14,256.09,71.98,61.0,18.36,62.1,59.72,64.48,40.08,56.6
2026-04-15,276.74,73.76,46.0,18.17,80.36,79.17,36.11,41.07,59.18
2026-04-16,246.42,72.26,57.0,17.94,53.37,62.9,59.33,43.06,54.66
2026-04-17,310.18,70.51,79.0,17.48,89.48,43.85,92.06,48.41,68.45
2026-04-20,218.51,70.61,45.0,18.87,29.96,45.44,34.13,35.12,36.16
2026-04-21,239.68,65.86,24.0,19.5,48.21,4.56,8.33,30.16,22.82
2026-04-22,235.19,69.92,47.0,18.92,43.45,39.48,37.3,34.72,38.74
2026-04-23,263.78,71.96,52.0,19.31,71.63,58.53,48.41,30.56,52.28
2026-04-24,298.72,76.93,33.0,18.71,88.69,94.64,17.26,35.12,58.93
2026-04-27,266.67,75.66,37.0,18.02,73.61,91.07,22.22,41.27,57.04
2026-04-28,258.38,72.51,54.0,17.83,64.09,63.69,54.17,44.05,56.5
2026-04-29,273.99,72.31,36.0,18.81,78.37,62.5,21.03,33.93,48.96
2026-04-30,400.93,76.43,74.0,16.89,98.61,93.85,86.31,56.94,83.93
2026-05-01,263.04,75.44,37.0,16.99,68.85,89.09,22.82,54.56,58.83
2026-05-04,242.8,71.45,27.0,18.29,47.82,53.37,10.71,37.5,37.35
2026-05-05,257.47,74.76,62.0,17.38,60.52,83.93,69.05,48.81,65.58
2026-05-06,321.32,75.06,64.0,17.39,91.47,86.71,71.03,48.21,74.36
2026-05-07,283.52,73.12,38.0,17.08,80.75,68.06,24.6,54.17,56.89
2026-05-08,293.57,75.58,36.0,17.19,85.91,89.48,20.83,51.98,62.05
2026-05-11,302.43,75.76,42.0,18.38,88.29,91.07,30.95,34.72,61.26
2026-05-12,281.96,73.8,66.0,17.99,79.17,76.39,74.21,39.48,67.31
2026-05-13,275.01,74.75,41.0,17.87,75.99,81.94,29.17,40.48,56.89
2026-05-14,251.97,75.22,60.0,17.26,53.77,87.1,64.68,49.6,63.79
2026-05-15,286.32,72.8,31.0,18.43,81.94,62.5,15.08,33.53,48.26
2026-05-18,255.42,72.15,69.0,17.82,56.55,56.55,77.78,41.47,58.09
2026-05-19,278.61,71.1,42.0,18.06,76.79,45.44,31.35,37.1,47.67
2026-05-20,277.57,71.4,65.0,17.44,76.39,49.01,73.61,46.63,61.41
2026-05-21,265.63,74.98,60.0,16.76,68.85,83.93,64.68,59.52,69.25
2026-05-22,237.74,74.77,64.0,16.7,40.28,81.94,71.63,61.31,63.79
2026-05-26,273.92,74.52,37.0,17.01,74.3,79.08,22.31,52.98,57.17
2026-05-27,265.92,73.34,53.0,16.29,68.33,67.93,51.59,73.02,65.22
2026-05-28,273.78,71.98,53.0,15.74,73.9,51.99,51.39,80.16,64.36
2026-05-29,453.06,72.89,43.0,15.32,99.0,62.35,33.07,86.31,70.18
2026-06-01,338.85,77.24,32.0,16.05,93.03,95.02,15.14,75.6,69.7
2026-06-02,304.75,76.62,44.0,15.77,87.85,93.43,35.26,78.97,73.88
2026-06-03,321.27,76.24,37.0,16.06,90.24,91.83,22.51,74.8,69.85
2026-06-04,310.58,73.28,69.0,15.4,87.85,65.94,79.08,83.93,79.2
2026-06-05,345.36,75.12,50.0,21.51,93.82,85.46,45.62,13.29,59.55
2026-06-08,266.97,74.34,35.0,18.92,67.13,77.49,19.32,27.78,47.93
2026-06-09,305.61,73.77,64.0,19.87,86.65,73.51,72.51,21.23,63.47
2026-06-10,268.99,72.86,37.0,22.22,68.33,60.36,22.91,12.1,40.92
2026-06-11,299.26,74.52,64.0,19.44,85.06,78.29,72.71,25.2,65.31
2026-06-12,257.98,74.22,74.0,17.68,54.78,76.29,89.24,40.28,65.15
2026-06-15,280.72,70.98,51.0,16.2,75.5,40.84,48.21,71.63,59.04
2026-06-16,249.72,70.48,59.0,16.41,45.62,34.86,63.55,64.68,52.18
2026-06-17,267.74,70.58,16.0,18.44,65.94,36.06,1.79,31.15,33.73
2026-06-18,502.76,68.92,45.0,16.4,99.4,23.31,36.25,65.08,56.01
2026-06-22,301.62,72.33,47.0,17.28,85.46,54.78,39.24,45.24,56.18
2026-06-23,295.97,72.74,62.0,19.49,83.47,57.97,70.32,23.02,58.69
2026-06-24,290.0,71.55,50.0,18.63,79.88,46.41,46.22,29.37,50.47
2026-06-25,313.29,73.36,52.0,18.89,87.85,67.93,50.4,27.58,58.44
2026-06-26,615.77,73.2,62.0,18.41,99.8,64.74,70.92,31.94,66.85
2026-06-29,300.4,73.87,47.0,17.65,84.26,74.3,39.04,40.48,59.52
2026-06-30,316.82,71.64,33.0,16.45,88.25,45.62,16.73,63.29,53.47
2026-07-01,304.85,72.6,58.0,16.59,85.46,55.58,64.34,60.52,66.47
2026-07-02,295.59,74.2,75.0,16.15,81.47,75.9,91.43,72.22,80.26
2026-07-06,266.4,70.69,42.0,15.57,61.16,36.06,31.27,81.75,52.56
2026-07-07,247.79,71.4,60.0,16.13,41.24,43.23,67.13,72.02,55.9
2026-07-08,236.52,69.05,18.0,16.9,30.88,22.91,2.79,52.78,27.34
2026-07-09,250.97,72.06,57.0,15.84,44.02,49.2,62.35,76.19,57.94
2026-07-10,219.0,74.88,68.0,15.03,17.33,81.47,80.68,89.68,67.29
2026-07-13,221.22,72.24,56.0,17.16,18.92,51.59,60.96,50.0,45.37
2026-07-14,240.46,71.7,31.0,16.5,33.27,44.02,13.35,61.71,38.09
2026-07-15,270.11,70.77,59.0,15.67,64.74,34.86,65.34,80.36,61.32
2026-07-16,281.15,68.9,75.0,16.73,72.31,21.31,91.63,55.36,60.15
2026-07-17,285.9,69.85,28.0,18.77,73.9,27.29,9.96,28.77,34.98
2026-07-20,214.53,68.15,34.0,18.65,9.76,14.94,18.33,29.56,18.15
2026-07-21,229.27,66.62,45.0,17.05,22.51,6.18,36.85,50.6,29.03
2026-07-22,229.75,71.09,51.0,16.64,23.31,37.65,49.6,58.73,42.32
2026-07-23,291.39,73.67,36.0,18.7,78.29,69.52,20.72,29.56,49.52
2026-07-24,236.62,73.35,76.0,18.58,28.88,65.94,92.43,31.94,54.8
2026-07-27,244.54,70.7,68.0,18.67,35.66,33.67,80.88,29.96,45.04
2026-07-28,276.07,66.71,81.0,18.21,67.93,6.57,96.02,35.91,51.61
2026-07-29,278.37,69.16,34.0,20.66,68.73,22.11,18.53,16.47,31.46
2026-07-30,335.67,76.61,38.0,17.09,91.83,93.43,25.7,52.18,65.78
2026-07-31,324.14,77.17,51.0,15.99,90.24,95.02,49.0,76.39,77.66
2026-08-03,296.55,75.43,64.0,15.86,81.47,86.25,74.9,76.98,79.9
2026-08-04,313.42,72.15,75.0,16.5,87.05,49.2,91.04,63.29,72.65
2026-08-05,272.55,71.61,54.0,15.81,63.55,41.63,56.57,77.98,59.93
2026-08-06,219.56,68.08,43.0,15.15,14.54,14.54,33.47,88.1,37.66
2026-08-07,207.18,70.13,67.0,14.9,5.38,29.68,79.08,91.67,51.45
2026-08-10,212.04,68.77,56.0,15.46,8.57,18.92,61.16,83.13,42.95
2026-08-11,198.21,71.39,53.0,15.28,4.98,40.04,52.79,87.1,46.23
2026-08-12,213.6,73.11,53.0,14.55,10.16,60.36,52.99,95.44,54.74
2026-08-13,202.78,72.05,68.0,14.63,5.78,47.21,81.47,95.04,57.38
2026-08-14,184.95,71.05,48.0,14.25,3.78,36.45,41.04,97.42,44.67
2026-08-17,212.53,68.95,24.0,15.19,10.56,21.71,6.18,87.5,31.49
2026-08-18,225.01,70.26,61.0,15.84,18.53,30.08,69.92,76.39,48.73
2026-08-19,237.29,65.96,59.0,14.89,28.09,2.99,65.94,91.87,47.22
2026-08-20,208.38,61.0,23.0,16.01,6.97,0.6,5.38,74.4,21.84
2026-08-21,219.42,66.35,69.0,15.13,15.34,4.98,83.07,88.29,47.92
2026-08-24,204.14,68.36,65.0,15.85,5.78,17.33,77.49,75.99,44.15
2026-08-25,187.86,67.8,46.0,15.45,3.78,13.35,37.45,83.53,34.53
2026-08-26,215.65,71.53,48.0,15.21,13.35,42.03,41.24,87.9,46.13
2026-08-27,269.56,75.75,24.0,14.51,61.16,88.65,6.37,96.03,63.05
2026-08-28,226.28,75.8,54.0,14.43,19.32,89.44,56.77,97.02,65.64
2026-08-31,248.91,67.91,28.0,14.92,38.05,14.14,9.96,91.47,38.4
2026-09-01,209.55,68.8,33.0,16.34,7.37,20.92,16.14,67.46,27.97
2026-09-02,211.49,69.05,68.0,15.2,8.57,23.71,81.27,87.5,50.26
2026-09-03,236.96,73.52,63.0,14.32,26.89,67.93,73.11,97.42,66.34
2026-09-04,220.04,74.66,27.0,14.53,15.74,77.49,8.76,95.04,49.26
2026-09-08,244.39,72.42,27.0,15.72,33.4,53.4,9.0,80.16,43.99
2026-09-09,230.9,73.36,22.0,16.46,23.0,65.8,4.4,62.5,38.92
2026-09-10,218.74,72.97,36.0,17.84,14.2,60.2,21.6,40.28,34.07
2026-09-11,208.07,71.55,70.0,15.84,6.2,43.0,85.8,77.38,53.1
2026-09-14,240.59,72.02,58.0,17.1,32.2,47.4,64.2,50.99,48.7
2026-09-15,209.76,66.68,32.0,17.2,8.2,6.6,15.0,49.4,19.8
2026-09-16,214.08,67.31,33.0,17.71,11.8,11.4,17.4,41.87,20.62
2026-09-17,227.05,69.31,61.0,15.44,21.8,26.2,69.8,85.12,50.73
